Timestamp,Ticker,Setor,Preço Estimado,ROI %,Volatilidade %,Skewness,Curtose,Autocorrelação,Entropia,Índice Fractal,Margem de Erro %,Confiabilidade %,Previsibilidade %
2025-07-22 09:00,USD/BRL,Moeda,5.2,0.16,1.4000000000000001,0.115,3.154,0.634,0.696,1.141,0.5499999999999999,99.15,99.666
2025-07-22 09:00,EUR/BRL,Moeda,5.6,0.8500000000000001,0.97,-0.113,3.073,0.845,0.837,1.141,1.06,98.83,99.545
2025-07-22 09:00,JPY/BRL,Moeda,0.04,0.7799999999999999,1.9,0.181,3.868,0.737,0.605,1.182,0.5499999999999999,99.29,99.121
2025-07-22 09:00,GBP/BRL,Moeda,6.36,0.9299999999999999,1.79,0.166,3.072,0.796,0.619,1.198,0.8500000000000001,98.83,99.976
2025-07-22 09:00,CHF/BRL,Moeda,5.7,0.59,1.13,-0.007,3.709,0.683,0.714,1.22,0.5499999999999999,98.06,99.372
2025-07-22 09:00,AUD/BRL,Moeda,3.48,0.8099999999999999,2.0,0.174,2.544,0.717,0.675,1.12,1.17,98.76,99.118
2025-07-22 09:00,CAD/BRL,Moeda,4.14,0.91,1.53,-0.054,4.864,0.924,0.83,1.198,0.86,99.01,99.649
2025-07-22 09:00,CNY/BRL,Moeda,0.77,1.6400000000000001,1.2,-0.149,4.765,0.69,0.833,1.132,1.03,99.48,99.15
2025-07-22 09:00,INR/BRL,Moeda,0.06,-0.8,1.58,-0.181,3.371,0.735,0.634,1.207,0.96,98.11,99.771
2025-07-22 09:00,RUB/BRL,Moeda,0.07,-0.61,1.5,0.03,3.01,0.741,0.781,1.191,0.5599999999999999,98.2,99.076
2025-07-22 09:10,USD/BRL,Moeda,5.22,0.5700000000000001,1.54,-0.022,2.391,0.605,0.641,1.16,0.61,99.08,99.697
2025-07-22 09:10,EUR/BRL,Moeda,5.61,1.03,0.72,0.144,4.448,0.912,0.646,1.221,1.41,98.78,99.131
2025-07-22 09:10,JPY/BRL,Moeda,0.04,0.0,2.31,0.138,2.879,0.641,0.655,1.209,0.79,98.07,99.734
2025-07-22 09:10,GBP/BRL,Moeda,6.41,1.7399999999999998,1.5699999999999998,-0.092,3.654,0.87,0.646,1.118,0.74,99.26,99.58
2025-07-22 09:10,CHF/BRL,Moeda,5.74,1.27,2.6,-0.035,2.472,0.705,0.68,1.261,0.54,99.32,99.346
2025-07-22 09:10,AUD/BRL,Moeda,3.5,1.4200000000000002,1.23,0.106,2.303,0.756,0.772,1.214,1.29,99.25,99.316
2025-07-22 09:10,CAD/BRL,Moeda,4.11,0.32,2.52,-0.103,4.966,0.661,0.806,1.23,0.7799999999999999,99.12,99.032
2025-07-22 09:10,CNY/BRL,Moeda,0.77,1.01,1.27,-0.14,3.011,0.66,0.765,1.118,0.73,98.32,99.636
2025-07-22 09:10,INR/BRL,Moeda,0.07,1.7999999999999998,1.6099999999999999,0.172,2.582,0.861,0.808,1.294,1.3,98.12,99.766
2025-07-22 09:10,RUB/BRL,Moeda,0.07,-0.33,1.24,-0.161,3.237,0.88,0.709,1.183,0.98,98.34,99.176
2025-07-22 09:20,USD/BRL,Moeda,5.24,0.9400000000000001,2.88,0.011,2.053,0.671,0.719,1.127,1.4000000000000001,98.98,99.071
2025-07-22 09:20,EUR/BRL,Moeda,5.66,1.9300000000000002,0.8,0.174,3.199,0.818,0.62,1.213,0.77,99.49,99.82
2025-07-22 09:20,JPY/BRL,Moeda,0.04,0.7799999999999999,2.27,-0.187,2.779,0.915,0.815,1.1,1.26,99.19,99.124
2025-07-22 09:20,GBP/BRL,Moeda,6.37,1.06,1.55,0.019,2.978,0.65,0.679,1.252,0.52,99.48,99.741
2025-07-22 09:20,CHF/BRL,Moeda,5.66,-0.13999999999999999,1.27,-0.161,4.614,0.916,0.674,1.115,0.64,98.02,99.032
2025-07-22 09:20,AUD/BRL,Moeda,3.48,0.8699999999999999,1.83,0.038,2.897,0.883,0.814,1.148,0.51,99.37,99.335
2025-07-22 09:20,CAD/BRL,Moeda,4.15,1.0999999999999999,1.11,-0.079,2.379,0.644,0.786,1.264,1.02,98.94,99.83
2025-07-22 09:20,CNY/BRL,Moeda,0.76,-0.26,2.71,-0.148,2.152,0.892,0.623,1.111,0.7100000000000001,98.7,99.604
2025-07-22 09:20,INR/BRL,Moeda,0.06,-0.44999999999999996,2.4,-0.025,2.298,0.841,0.788,1.282,0.9900000000000001,98.6,99.728
2025-07-22 09:20,RUB/BRL,Moeda,0.07,-0.5499999999999999,0.88,0.044,2.82,0.836,0.826,1.216,0.63,99.23,99.541
2025-07-22 09:30,USD/BRL,Moeda,5.19,0.06999999999999999,1.27,-0.14,2.958,0.709,0.606,1.212,0.54,98.58,99.682
2025-07-22 09:30,EUR/BRL,Moeda,5.64,1.7000000000000002,1.8900000000000001,0.19,4.101,0.769,0.634,1.253,0.7000000000000001,98.36,99.831
2025-07-22 09:30,JPY/BRL,Moeda,0.04,0.06999999999999999,2.64,0.035,3.729,0.781,0.662,1.13,1.25,98.11,99.378
2025-07-22 09:30,GBP/BRL,Moeda,6.35,0.8200000000000001,2.22,0.047,3.761,0.613,0.794,1.107,0.67,99.41,99.45
2025-07-22 09:30,CHF/BRL,Moeda,5.69,0.44,0.79,-0.196,4.83,0.649,0.746,1.3,0.97,99.17,99.847
2025-07-22 09:30,AUD/BRL,Moeda,3.51,1.6099999999999999,2.23,0.005,2.95,0.79,0.639,1.175,0.59,99.47,99.381
2025-07-22 09:30,CAD/BRL,Moeda,4.15,1.11,1.6099999999999999,0.158,2.042,0.937,0.792,1.265,1.35,99.08,99.315
2025-07-22 09:30,CNY/BRL,Moeda,0.75,-0.83,1.78,0.06,2.427,0.746,0.817,1.151,0.88,98.02,99.083
2025-07-22 09:30,INR/BRL,Moeda,0.07,1.21,2.7199999999999998,0.189,2.001,0.69,0.778,1.135,1.0999999999999999,99.35,99.266
2025-07-22 09:30,RUB/BRL,Moeda,0.07,-0.63,2.7199999999999998,-0.19,2.412,0.834,0.629,1.213,0.61,98.97,99.812
2025-07-22 09:40,USD/BRL,Moeda,5.21,0.41000000000000003,1.05,-0.03,2.352,0.814,0.847,1.149,1.1400000000000001,98.33,99.33
2025-07-22 09:40,EUR/BRL,Moeda,5.52,-0.54,1.1199999999999999,0.078,3.209,0.685,0.682,1.188,0.58,99.45,99.228
2025-07-22 09:40,JPY/BRL,Moeda,0.04,-0.49,1.09,-0.095,2.548,0.899,0.69,1.105,0.9900000000000001,98.07,99.877
2025-07-22 09:40,GBP/BRL,Moeda,6.31,0.22,0.7799999999999999,0.184,2.102,0.675,0.619,1.277,1.4200000000000002,98.18,99.068
2025-07-22 09:40,CHF/BRL,Moeda,5.77,1.72,2.29,0.087,3.724,0.797,0.734,1.165,0.6,99.23,99.058
2025-07-22 09:40,AUD/BRL,Moeda,3.48,0.7799999999999999,2.3,0.188,4.65,0.691,0.84,1.242,1.21,98.96,99.273
2025-07-22 09:40,CAD/BRL,Moeda,4.13,0.7100000000000001,1.79,-0.059,2.528,0.865,0.69,1.156,0.8099999999999999,98.9,99.145
2025-07-22 09:40,CNY/BRL,Moeda,0.77,1.55,1.59,-0.002,4.79,0.683,0.71,1.228,0.7100000000000001,98.81,99.128
2025-07-22 09:40,INR/BRL,Moeda,0.07,1.1900000000000002,1.32,0.173,4.508,0.699,0.772,1.2,1.06,99.45,99.562
2025-07-22 09:40,RUB/BRL,Moeda,0.07,-0.74,0.53,-0.025,2.919,0.928,0.638,1.119,0.8099999999999999,98.81,99.96
2025-07-22 09:50,USD/BRL,Moeda,5.22,0.49,2.9000000000000004,-0.15,2.393,0.628,0.801,1.102,0.88,99.12,99.966
2025-07-22 09:50,EUR/BRL,Moeda,5.59,0.6799999999999999,1.3299999999999998,0.04,3.04,0.692,0.721,1.276,1.03,98.96,99.472
2025-07-22 09:50,JPY/BRL,Moeda,0.04,1.04,1.0999999999999999,0.036,2.057,0.796,0.833,1.241,1.0999999999999999,98.81,99.854
2025-07-22 09:50,GBP/BRL,Moeda,6.31,0.19,2.4899999999999998,-0.166,2.202,0.64,0.621,1.194,1.02,99.28,99.984
2025-07-22 09:50,CHF/BRL,Moeda,5.66,-0.22,1.4500000000000002,0.117,2.894,0.694,0.675,1.146,0.5599999999999999,99.14,99.852
2025-07-22 09:50,AUD/BRL,Moeda,3.43,-0.6,1.41,0.078,3.856,0.731,0.726,1.225,1.05,98.39,99.756
2025-07-22 09:50,CAD/BRL,Moeda,4.14,1.06,2.74,0.011,2.165,0.698,0.798,1.279,1.4200000000000002,98.32,99.029
2025-07-22 09:50,CNY/BRL,Moeda,0.77,1.26,2.71,-0.173,4.079,0.885,0.797,1.11,1.3,99.0,99.774
2025-07-22 09:50,INR/BRL,Moeda,0.06,-0.9199999999999999,1.31,-0.154,3.772,0.871,0.633,1.214,1.16,98.63,99.291
2025-07-22 09:50,RUB/BRL,Moeda,0.07,0.33,0.96,-0.149,3.329,0.666,0.8,1.278,0.51,98.46,99.193
2025-07-22 10:00,USD/BRL,Moeda,5.21,0.42,2.42,0.041,3.294,0.797,0.764,1.282,1.3,98.59,99.982
2025-07-22 10:00,EUR/BRL,Moeda,5.63,1.53,2.64,0.192,3.282,0.672,0.745,1.282,1.2,99.43,99.135
2025-07-22 10:00,JPY/BRL,Moeda,0.04,0.21,2.33,0.15,4.249,0.776,0.698,1.169,0.7799999999999999,98.44,99.579
2025-07-22 10:00,GBP/BRL,Moeda,6.28,-0.27999999999999997,2.9899999999999998,-0.135,4.027,0.878,0.685,1.129,1.08,98.27,99.057
2025-07-22 10:00,CHF/BRL,Moeda,5.62,-0.83,0.9400000000000001,-0.183,4.217,0.641,0.716,1.255,1.4500000000000002,98.94,99.46
2025-07-22 10:00,AUD/BRL,Moeda,3.47,0.72,1.1199999999999999,0.154,3.949,0.917,0.643,1.108,1.08,99.21,99.716
2025-07-22 10:00,CAD/BRL,Moeda,4.07,-0.7799999999999999,0.7000000000000001,-0.195,2.481,0.759,0.813,1.286,1.3599999999999999,98.21,99.595
2025-07-22 10:00,CNY/BRL,Moeda,0.77,1.32,3.0,0.102,2.217,0.797,0.659,1.173,1.3599999999999999,98.52,99.738
2025-07-22 10:00,INR/BRL,Moeda,0.06,-0.74,1.0999999999999999,0.186,2.457,0.721,0.777,1.179,1.4000000000000001,99.46,99.584
2025-07-22 10:00,RUB/BRL,Moeda,0.07,1.27,2.92,0.011,4.797,0.608,0.648,1.267,0.98,98.58,99.187
2025-07-22 10:10,USD/BRL,Moeda,5.17,-0.29,2.5100000000000002,0.191,2.673,0.948,0.72,1.169,0.8,98.64,99.968
2025-07-22 10:10,EUR/BRL,Moeda,5.63,1.4000000000000001,2.87,0.028,2.031,0.929,0.635,1.2,0.8999999999999999,98.35,99.426
2025-07-22 10:10,JPY/BRL,Moeda,0.04,0.03,1.7999999999999998,-0.188,4.719,0.84,0.828,1.129,1.39,99.14,99.821
2025-07-22 10:10,GBP/BRL,Moeda,6.36,0.97,0.9199999999999999,0.073,4.961,0.868,0.769,1.155,1.06,99.42,99.631
2025-07-22 10:10,CHF/BRL,Moeda,5.66,-0.24,1.16,0.072,3.44,0.631,0.724,1.298,0.67,98.57,99.711
2025-07-22 10:10,AUD/BRL,Moeda,3.48,0.9299999999999999,1.94,0.112,3.483,0.734,0.704,1.129,0.98,98.75,99.484
2025-07-22 10:10,CAD/BRL,Moeda,4.15,1.18,2.8400000000000003,0.112,3.502,0.82,0.778,1.209,0.54,98.05,99.088
2025-07-22 10:10,CNY/BRL,Moeda,0.77,0.73,0.8099999999999999,-0.085,2.779,0.813,0.604,1.255,1.0699999999999998,98.91,99.657
2025-07-22 10:10,INR/BRL,Moeda,0.07,1.6099999999999999,2.16,-0.034,3.872,0.798,0.814,1.22,1.28,99.23,99.529
2025-07-22 10:10,RUB/BRL,Moeda,0.07,-0.06,2.74,0.104,4.908,0.866,0.694,1.222,0.7799999999999999,98.86,99.388
2025-07-22 10:20,USD/BRL,Moeda,5.2,0.2,0.84,-0.153,2.0,0.691,0.625,1.244,1.32,98.71,99.252
2025-07-22 10:20,EUR/BRL,Moeda,5.66,1.9900000000000002,2.9499999999999997,0.15,3.005,0.883,0.674,1.193,1.13,98.66,99.603
2025-07-22 10:20,JPY/BRL,Moeda,0.04,-0.38,2.4899999999999998,0.186,4.319,0.865,0.707,1.155,0.74,99.45,99.76
2025-07-22 10:20,GBP/BRL,Moeda,6.25,-0.8500000000000001,0.74,-0.047,2.728,0.702,0.678,1.117,1.4200000000000002,98.6,99.711
2025-07-22 10:20,CHF/BRL,Moeda,5.7,0.52,2.82,-0.129,4.458,0.636,0.769,1.248,0.63,98.6,99.788
2025-07-22 10:20,AUD/BRL,Moeda,3.49,1.2,1.87,-0.145,3.565,0.732,0.804,1.15,1.2,99.48,99.141
2025-07-22 10:20,CAD/BRL,Moeda,4.11,0.22,1.7999999999999998,0.192,4.744,0.909,0.601,1.221,0.67,98.78,99.86
2025-07-22 10:20,CNY/BRL,Moeda,0.77,1.5599999999999998,1.43,0.139,3.071,0.883,0.763,1.151,1.22,98.8,99.701
2025-07-22 10:20,INR/BRL,Moeda,0.07,1.4200000000000002,1.5,-0.097,4.554,0.676,0.662,1.14,0.65,99.17,99.823
2025-07-22 10:20,RUB/BRL,Moeda,0.07,0.44,1.81,-0.113,2.105,0.864,0.797,1.271,0.8099999999999999,98.86,99.838
2025-07-22 10:30,USD/BRL,Moeda,5.22,0.53,2.78,-0.177,2.237,0.62,0.715,1.242,1.3599999999999999,99.5,99.613
2025-07-22 10:30,EUR/BRL,Moeda,5.53,-0.44999999999999996,0.58,-0.095,4.021,0.629,0.702,1.147,1.46,98.45,99.885
2025-07-22 10:30,JPY/BRL,Moeda,0.04,0.5499999999999999,1.94,-0.199,4.208,0.67,0.647,1.239,1.3599999999999999,99.43,99.165
2025-07-22 10:30,GBP/BRL,Moeda,6.33,0.54,1.15,0.124,2.789,0.886,0.648,1.26,0.64,98.34,99.662
2025-07-22 10:30,CHF/BRL,Moeda,5.67,0.08,1.9800000000000002,0.189,3.951,0.898,0.822,1.276,0.91,99.01,99.178
2025-07-22 10:30,AUD/BRL,Moeda,3.42,-0.8999999999999999,0.73,-0.06,2.425,0.89,0.751,1.189,0.76,98.13,99.257
2025-07-22 10:30,CAD/BRL,Moeda,4.12,0.5700000000000001,1.03,-0.089,2.576,0.604,0.818,1.174,0.8200000000000001,99.18,99.93
2025-07-22 10:30,CNY/BRL,Moeda,0.77,0.86,2.1399999999999997,-0.054,2.759,0.748,0.748,1.253,1.41,98.69,99.267
2025-07-22 10:30,INR/BRL,Moeda,0.07,0.88,1.63,0.111,3.827,0.845,0.798,1.136,1.24,98.96,99.974
2025-07-22 10:30,RUB/BRL,Moeda,0.07,0.9400000000000001,1.87,0.122,4.791,0.662,0.794,1.239,0.96,98.34,99.96
2025-07-22 10:40,USD/BRL,Moeda,5.23,0.86,0.61,0.06,2.367,0.688,0.768,1.139,0.91,99.42,99.868
2025-07-22 10:40,EUR/BRL,Moeda,5.59,0.7000000000000001,2.58,-0.006,3.73,0.685,0.798,1.162,1.1400000000000001,98.97,99.064
2025-07-22 10:40,JPY/BRL,Moeda,0.04,-0.65,0.84,-0.029,4.499,0.92,0.69,1.285,1.27,99.33,99.558
2025-07-22 10:40,GBP/BRL,Moeda,6.32,0.38999999999999996,0.76,-0.147,2.431,0.875,0.697,1.153,1.34,98.02,99.393
2025-07-22 10:40,CHF/BRL,Moeda,5.65,-0.37,1.28,-0.088,2.99,0.799,0.754,1.152,0.51,99.02,99.086
2025-07-22 10:40,AUD/BRL,Moeda,3.42,-0.9400000000000001,1.49,-0.174,4.512,0.606,0.753,1.154,1.22,98.22,99.846
2025-07-22 10:40,CAD/BRL,Moeda,4.12,0.38999999999999996,0.51,0.052,2.033,0.851,0.802,1.171,0.91,99.04,99.474
2025-07-22 10:40,CNY/BRL,Moeda,0.75,-0.7100000000000001,1.15,-0.03,2.248,0.934,0.756,1.269,1.09,99.25,99.566
2025-07-22 10:40,INR/BRL,Moeda,0.07,1.44,1.66,0.078,3.151,0.802,0.652,1.112,1.3599999999999999,98.29,99.017
2025-07-22 10:40,RUB/BRL,Moeda,0.07,0.25,1.28,0.038,4.46,0.923,0.758,1.188,0.8699999999999999,98.89,99.669
2025-07-22 10:50,USD/BRL,Moeda,5.26,1.4000000000000001,0.88,0.046,3.49,0.658,0.74,1.171,1.4000000000000001,98.48,99.439
2025-07-22 10:50,EUR/BRL,Moeda,5.53,-0.44,1.44,-0.082,3.06,0.813,0.691,1.293,1.32,98.42,99.319
2025-07-22 10:50,JPY/BRL,Moeda,0.04,-0.61,1.8800000000000001,0.016,2.252,0.633,0.751,1.282,1.26,98.03,99.917
2025-07-22 10:50,GBP/BRL,Moeda,6.35,0.73,1.8900000000000001,-0.186,2.301,0.865,0.622,1.211,0.86,98.47,99.482
2025-07-22 10:50,CHF/BRL,Moeda,5.67,-0.06,1.3599999999999999,-0.031,3.356,0.786,0.692,1.225,0.58,98.02,99.243
2025-07-22 10:50,AUD/BRL,Moeda,3.5,1.3299999999999998,0.7000000000000001,-0.037,3.663,0.727,0.713,1.243,0.5499999999999999,99.21,99.41
2025-07-22 10:50,CAD/BRL,Moeda,4.14,0.96,2.5,0.039,4.026,0.702,0.688,1.232,1.15,98.09,99.062
2025-07-22 10:50,CNY/BRL,Moeda,0.76,-0.24,1.13,0.145,2.25,0.626,0.74,1.121,0.9199999999999999,98.56,99.122
2025-07-22 10:50,INR/BRL,Moeda,0.07,0.43,2.46,0.101,4.06,0.769,0.749,1.285,0.9400000000000001,99.35,99.238
2025-07-22 10:50,RUB/BRL,Moeda,0.07,-0.11,1.1199999999999999,-0.092,4.696,0.796,0.834,1.193,1.22,98.35,99.347
2025-07-22 11:00,USD/BRL,Moeda,5.19,0.06,2.88,0.018,2.333,0.749,0.76,1.116,0.95,98.59,99.76
2025-07-22 11:00,EUR/BRL,Moeda,5.55,0.03,0.88,-0.106,4.479,0.647,0.607,1.241,1.3599999999999999,99.22,99.541
2025-07-22 11:00,JPY/BRL,Moeda,0.04,-0.74,1.97,-0.003,2.994,0.926,0.71,1.127,1.06,99.48,99.626
2025-07-22 11:00,GBP/BRL,Moeda,6.4,1.6,1.51,-0.028,2.664,0.783,0.703,1.188,0.51,98.89,99.156
2025-07-22 11:00,CHF/BRL,Moeda,5.71,0.77,2.06,0.194,4.421,0.763,0.65,1.128,0.7799999999999999,98.98,99.838
2025-07-22 11:00,AUD/BRL,Moeda,3.52,1.94,2.1,0.1,2.345,0.625,0.763,1.146,1.08,99.48,99.287
2025-07-22 11:00,CAD/BRL,Moeda,4.16,1.5,2.25,-0.051,2.021,0.899,0.827,1.243,1.49,98.67,99.76
2025-07-22 11:00,CNY/BRL,Moeda,0.76,0.25,1.69,-0.04,4.697,0.747,0.687,1.101,1.23,99.04,99.048
2025-07-22 11:00,INR/BRL,Moeda,0.07,0.6,2.04,-0.103,2.861,0.671,0.717,1.265,0.74,99.31,99.984
2025-07-22 11:00,RUB/BRL,Moeda,0.07,-0.29,1.5599999999999998,-0.133,4.047,0.732,0.793,1.12,1.1400000000000001,99.04,99.065
2025-07-22 11:10,USD/BRL,Moeda,5.21,0.44999999999999996,2.75,-0.105,3.158,0.859,0.827,1.155,0.73,98.45,99.29
2025-07-22 11:10,EUR/BRL,Moeda,5.58,0.62,1.8399999999999999,-0.128,4.884,0.755,0.654,1.236,0.7100000000000001,98.97,99.061
2025-07-22 11:10,JPY/BRL,Moeda,0.04,-0.8200000000000001,2.82,-0.187,2.263,0.923,0.774,1.198,0.96,98.89,99.664
2025-07-22 11:10,GBP/BRL,Moeda,6.29,-0.09,2.7,0.14,4.723,0.81,0.621,1.106,1.46,98.45,99.892
2025-07-22 11:10,CHF/BRL,Moeda,5.74,1.22,0.8099999999999999,0.047,4.863,0.835,0.667,1.186,0.5499999999999999,98.95,99.321
2025-07-22 11:10,AUD/BRL,Moeda,3.5,1.48,0.69,-0.197,4.139,0.91,0.656,1.298,0.8200000000000001,99.2,99.976
2025-07-22 11:10,CAD/BRL,Moeda,4.09,-0.31,2.35,-0.178,4.528,0.766,0.85,1.275,1.06,98.55,99.444
2025-07-22 11:10,CNY/BRL,Moeda,0.76,0.22999999999999998,2.39,-0.185,3.191,0.732,0.823,1.176,1.4500000000000002,98.8,99.733
2025-07-22 11:10,INR/BRL,Moeda,0.07,0.05,2.59,-0.152,2.916,0.672,0.84,1.16,1.08,99.23,99.307
2025-07-22 11:10,RUB/BRL,Moeda,0.07,0.63,1.32,0.059,2.807,0.882,0.719,1.291,0.7799999999999999,98.82,99.483
2025-07-22 11:20,USD/BRL,Moeda,5.2,0.27,2.9499999999999997,-0.135,2.228,0.612,0.829,1.228,1.41,98.69,99.478
2025-07-22 11:20,EUR/BRL,Moeda,5.53,-0.3,1.2,0.137,3.087,0.727,0.639,1.186,1.34,98.95,99.765
2025-07-22 11:20,JPY/BRL,Moeda,0.04,0.59,1.26,-0.032,2.08,0.671,0.698,1.117,1.0699999999999998,99.37,99.281
2025-07-22 11:20,GBP/BRL,Moeda,6.3,0.06999999999999999,2.41,-0.103,2.134,0.676,0.827,1.186,1.24,99.27,99.203
2025-07-22 11:20,CHF/BRL,Moeda,5.77,1.7999999999999998,0.77,0.186,2.186,0.719,0.637,1.176,1.02,99.11,99.042
2025-07-22 11:20,AUD/BRL,Moeda,3.47,0.62,0.65,-0.073,3.524,0.777,0.618,1.158,1.49,98.71,99.116
2025-07-22 11:20,CAD/BRL,Moeda,4.1,0.01,0.8699999999999999,0.032,2.228,0.673,0.779,1.229,1.3599999999999999,98.24,99.495
2025-07-22 11:20,CNY/BRL,Moeda,0.75,-0.7100000000000001,1.13,0.017,3.248,0.827,0.605,1.155,1.3299999999999998,98.4,99.128
2025-07-22 11:20,INR/BRL,Moeda,0.06,-0.25,1.5,0.025,4.17,0.869,0.765,1.151,0.8,98.35,99.768
2025-07-22 11:20,RUB/BRL,Moeda,0.07,-0.7000000000000001,1.1900000000000002,0.162,2.857,0.818,0.822,1.139,0.76,98.79,99.753
2025-07-22 11:30,USD/BRL,Moeda,5.18,-0.15,2.76,-0.003,2.313,0.771,0.838,1.18,0.67,98.97,99.204
2025-07-22 11:30,EUR/BRL,Moeda,5.52,-0.5,2.65,0.163,3.998,0.866,0.709,1.167,0.64,99.32,99.892
2025-07-22 11:30,JPY/BRL,Moeda,0.04,1.8900000000000001,0.62,-0.103,4.056,0.708,0.805,1.106,0.83,98.51,99.902
2025-07-22 11:30,GBP/BRL,Moeda,6.35,0.8099999999999999,1.6,0.09,3.892,0.739,0.689,1.27,0.8,98.0,99.231
2025-07-22 11:30,CHF/BRL,Moeda,5.66,-0.24,0.88,0.048,4.125,0.713,0.628,1.296,0.51,99.14,99.877
2025-07-22 11:30,AUD/BRL,Moeda,3.44,-0.26,2.1999999999999997,0.047,3.859,0.917,0.804,1.262,0.65,98.93,99.075
2025-07-22 11:30,CAD/BRL,Moeda,4.14,0.89,1.5599999999999998,0.11,3.013,0.679,0.738,1.149,1.1199999999999999,98.9,99.63
2025-07-22 11:30,CNY/BRL,Moeda,0.76,0.25,1.35,-0.069,4.961,0.804,0.666,1.288,1.34,99.44,99.381
2025-07-22 11:30,INR/BRL,Moeda,0.07,1.11,1.82,0.09,3.383,0.792,0.615,1.267,1.4200000000000002,98.22,99.799
2025-07-22 11:30,RUB/BRL,Moeda,0.07,1.6,1.7500000000000002,-0.076,3.429,0.695,0.758,1.284,0.52,98.37,99.192
2025-07-22 11:40,USD/BRL,Moeda,5.14,-0.98,1.34,0.038,4.878,0.624,0.835,1.215,1.06,99.0,99.366
2025-07-22 11:40,EUR/BRL,Moeda,5.52,-0.45999999999999996,1.6500000000000001,0.007,3.811,0.897,0.66,1.145,1.31,99.36,99.095
2025-07-22 11:40,JPY/BRL,Moeda,0.04,-0.5700000000000001,2.06,0.192,4.947,0.689,0.79,1.103,1.38,98.72,99.381
2025-07-22 11:40,GBP/BRL,Moeda,6.28,-0.29,0.76,0.166,2.9,0.656,0.781,1.212,0.63,99.37,99.876
2025-07-22 11:40,CHF/BRL,Moeda,5.76,1.59,2.53,-0.092,2.377,0.645,0.764,1.257,1.06,98.31,99.571
2025-07-22 11:40,AUD/BRL,Moeda,3.48,0.84,1.8800000000000001,-0.029,3.024,0.807,0.646,1.279,1.31,99.45,99.978
2025-07-22 11:40,CAD/BRL,Moeda,4.11,0.2,2.9499999999999997,0.055,2.255,0.7,0.758,1.194,0.77,98.04,99.697
2025-07-22 11:40,CNY/BRL,Moeda,0.77,0.91,2.9899999999999998,-0.088,3.749,0.658,0.797,1.134,0.63,98.1,99.564
2025-07-22 11:40,INR/BRL,Moeda,0.07,1.67,1.7999999999999998,-0.157,4.437,0.8,0.702,1.151,1.09,99.39,99.688
2025-07-22 11:40,RUB/BRL,Moeda,0.07,0.61,2.7199999999999998,-0.033,4.374,0.688,0.674,1.145,0.64,98.24,99.508
2025-07-22 11:50,USD/BRL,Moeda,5.27,1.58,0.73,0.04,2.821,0.95,0.724,1.28,1.17,99.47,99.861
2025-07-22 11:50,EUR/BRL,Moeda,5.62,1.25,2.9000000000000004,0.144,4.021,0.75,0.782,1.129,1.0999999999999999,98.9,99.055
2025-07-22 11:50,JPY/BRL,Moeda,0.04,1.6500000000000001,1.29,-0.18,4.971,0.752,0.745,1.235,1.4200000000000002,98.54,99.72
2025-07-22 11:50,GBP/BRL,Moeda,6.42,1.92,1.2,-0.127,4.629,0.848,0.624,1.135,1.09,98.07,99.726
2025-07-22 11:50,CHF/BRL,Moeda,5.63,-0.65,0.5599999999999999,0.026,4.404,0.615,0.838,1.242,0.83,98.12,99.958
2025-07-22 11:50,AUD/BRL,Moeda,3.43,-0.5,2.4899999999999998,0.115,3.436,0.741,0.64,1.209,0.76,99.21,99.522
2025-07-22 11:50,CAD/BRL,Moeda,4.1,-0.1,1.81,-0.013,2.356,0.651,0.671,1.283,0.51,99.29,99.988
2025-07-22 11:50,CNY/BRL,Moeda,0.75,-0.95,0.69,-0.049,4.351,0.879,0.668,1.256,1.1400000000000001,99.06,99.946
2025-07-22 11:50,INR/BRL,Moeda,0.06,-0.06,1.66,-0.068,2.659,0.925,0.802,1.205,0.5499999999999999,98.86,99.491
2025-07-22 11:50,RUB/BRL,Moeda,0.07,-0.0,0.97,-0.112,3.988,0.882,0.661,1.234,1.03,98.68,99.0
2025-07-22 12:00,USD/BRL,Moeda,5.24,0.91,0.88,-0.019,4.311,0.601,0.778,1.244,0.77,98.13,99.841
2025-07-22 12:00,EUR/BRL,Moeda,5.56,0.27,2.71,0.104,4.047,0.747,0.667,1.277,0.8099999999999999,99.22,99.383
2025-07-22 12:00,JPY/BRL,Moeda,0.04,-0.31,1.9,0.034,4.449,0.889,0.694,1.149,0.61,98.51,99.676
2025-07-22 12:00,GBP/BRL,Moeda,6.34,0.69,0.74,0.042,2.046,0.829,0.704,1.121,1.0,98.91,99.539
2025-07-22 12:00,CHF/BRL,Moeda,5.67,-0.06999999999999999,1.24,-0.136,3.311,0.801,0.78,1.2,1.35,98.69,99.634
2025-07-22 12:00,AUD/BRL,Moeda,3.43,-0.58,0.63,0.112,3.941,0.867,0.716,1.13,0.9199999999999999,98.88,99.898
2025-07-22 12:00,CAD/BRL,Moeda,4.18,1.96,1.59,0.164,2.939,0.846,0.661,1.166,0.8699999999999999,98.28,99.487
2025-07-22 12:00,CNY/BRL,Moeda,0.77,1.53,1.79,0.014,4.332,0.607,0.731,1.145,0.53,98.43,99.961
2025-07-22 12:00,INR/BRL,Moeda,0.07,0.1,0.8200000000000001,0.119,3.725,0.881,0.621,1.165,1.18,98.91,99.908
2025-07-22 12:00,RUB/BRL,Moeda,0.07,-0.41000000000000003,1.8499999999999999,-0.008,3.78,0.689,0.802,1.243,0.95,98.48,99.774
2025-07-22 12:10,USD/BRL,Moeda,5.22,0.5,2.96,0.148,4.27,0.826,0.659,1.182,0.7000000000000001,99.23,99.472
2025-07-22 12:10,EUR/BRL,Moeda,5.55,-0.06,1.0,0.171,3.078,0.77,0.782,1.271,0.98,98.07,99.592
2025-07-22 12:10,JPY/BRL,Moeda,0.04,0.75,2.1,0.034,3.89,0.912,0.817,1.273,0.8699999999999999,98.96,99.878
2025-07-22 12:10,GBP/BRL,Moeda,6.26,-0.58,1.87,-0.005,3.546,0.731,0.728,1.28,0.63,98.16,99.231
2025-07-22 12:10,CHF/BRL,Moeda,5.76,1.6500000000000001,0.52,0.056,4.488,0.914,0.684,1.13,0.67,98.46,99.295
2025-07-22 12:10,AUD/BRL,Moeda,3.45,0.12,1.79,0.112,4.779,0.893,0.729,1.175,1.29,99.14,99.182
2025-07-22 12:10,CAD/BRL,Moeda,4.13,0.8099999999999999,2.25,0.055,2.53,0.929,0.65,1.297,1.18,98.84,99.993
2025-07-22 12:10,CNY/BRL,Moeda,0.77,1.38,1.9300000000000002,-0.091,2.536,0.692,0.715,1.264,1.35,98.64,99.277
2025-07-22 12:10,INR/BRL,Moeda,0.07,0.18,1.63,0.069,3.238,0.819,0.702,1.173,0.76,98.02,99.831
2025-07-22 12:10,RUB/BRL,Moeda,0.07,1.41,1.66,-0.041,2.314,0.608,0.739,1.187,0.5700000000000001,99.29,99.602
2025-07-22 12:20,USD/BRL,Moeda,5.2,0.19,1.4000000000000001,0.13,4.772,0.925,0.821,1.223,0.5599999999999999,98.39,99.871
2025-07-22 12:20,EUR/BRL,Moeda,5.57,0.43,2.06,0.139,2.856,0.848,0.679,1.142,0.91,99.25,99.721
2025-07-22 12:20,JPY/BRL,Moeda,0.04,-0.47000000000000003,2.35,-0.033,3.322,0.792,0.84,1.165,1.24,98.09,99.02
2025-07-22 12:20,GBP/BRL,Moeda,6.33,0.44999999999999996,0.59,-0.149,4.017,0.782,0.681,1.154,0.9900000000000001,98.12,99.917
2025-07-22 12:20,CHF/BRL,Moeda,5.64,-0.44999999999999996,2.98,0.09,3.491,0.628,0.74,1.157,0.6,99.26,99.161
2025-07-22 12:20,AUD/BRL,Moeda,3.46,0.43,1.78,0.005,3.468,0.691,0.736,1.24,0.9299999999999999,98.89,99.813
2025-07-22 12:20,CAD/BRL,Moeda,4.09,-0.21,2.6100000000000003,-0.085,2.008,0.846,0.663,1.175,0.8099999999999999,98.73,99.658
2025-07-22 12:20,CNY/BRL,Moeda,0.76,-0.53,2.32,-0.053,3.018,0.668,0.798,1.179,1.25,98.65,99.978
2025-07-22 12:20,INR/BRL,Moeda,0.07,0.77,2.6599999999999997,-0.095,2.607,0.826,0.622,1.218,1.11,99.34,99.178
2025-07-22 12:20,RUB/BRL,Moeda,0.07,1.71,1.78,-0.191,2.277,0.641,0.601,1.188,0.8200000000000001,98.65,99.378
2025-07-22 12:30,USD/BRL,Moeda,5.15,-0.7000000000000001,2.92,-0.141,4.109,0.709,0.707,1.164,1.43,98.3,99.52
2025-07-22 12:30,EUR/BRL,Moeda,5.58,0.6,2.68,-0.085,2.886,0.796,0.821,1.256,0.91,98.57,99.277
2025-07-22 12:30,JPY/BRL,Moeda,0.04,0.27999999999999997,1.23,-0.075,3.309,0.64,0.643,1.225,1.35,99.28,99.84
2025-07-22 12:30,GBP/BRL,Moeda,6.25,-0.79,1.6,0.006,4.574,0.896,0.795,1.222,1.21,98.79,99.66
2025-07-22 12:30,CHF/BRL,Moeda,5.7,0.51,2.37,-0.13,4.79,0.639,0.815,1.226,1.3299999999999998,98.24,99.825
2025-07-22 12:30,AUD/BRL,Moeda,3.44,-0.16999999999999998,2.6100000000000003,0.082,3.908,0.649,0.837,1.267,1.48,98.53,99.852
2025-07-22 12:30,CAD/BRL,Moeda,4.15,1.21,0.86,0.005,3.071,0.921,0.818,1.117,1.4500000000000002,98.34,99.475
2025-07-22 12:30,CNY/BRL,Moeda,0.75,-0.9299999999999999,1.6099999999999999,-0.067,4.196,0.716,0.717,1.172,1.17,98.41,99.874
2025-07-22 12:30,INR/BRL,Moeda,0.07,0.5499999999999999,1.77,0.101,4.275,0.935,0.839,1.117,0.9199999999999999,98.6,99.819
2025-07-22 12:30,RUB/BRL,Moeda,0.07,-0.33,0.8500000000000001,0.087,4.831,0.871,0.763,1.251,0.64,98.25,99.445
2025-07-22 12:40,USD/BRL,Moeda,5.16,-0.53,0.59,0.133,4.297,0.781,0.798,1.149,1.1400000000000001,98.34,99.936
2025-07-22 12:40,EUR/BRL,Moeda,5.52,-0.5499999999999999,1.01,-0.119,3.099,0.923,0.639,1.174,1.24,99.18,99.606
2025-07-22 12:40,JPY/BRL,Moeda,0.04,1.06,2.3800000000000003,0.072,4.876,0.708,0.832,1.123,1.46,99.08,99.633
2025-07-22 12:40,GBP/BRL,Moeda,6.4,1.55,1.95,0.054,3.488,0.901,0.832,1.212,1.05,99.17,99.181
2025-07-22 12:40,CHF/BRL,Moeda,5.72,0.89,1.95,0.078,2.846,0.674,0.731,1.122,1.2,98.79,99.575
2025-07-22 12:40,AUD/BRL,Moeda,3.52,1.9900000000000002,2.68,0.014,2.045,0.871,0.683,1.252,1.04,98.64,99.313
2025-07-22 12:40,CAD/BRL,Moeda,4.18,1.8499999999999999,1.68,0.064,3.676,0.882,0.677,1.272,0.73,99.24,99.993
2025-07-22 12:40,CNY/BRL,Moeda,0.77,1.29,1.54,-0.173,2.372,0.682,0.823,1.15,0.5599999999999999,98.98,99.31
2025-07-22 12:40,INR/BRL,Moeda,0.07,0.27,2.91,-0.038,2.443,0.708,0.778,1.123,0.7000000000000001,98.84,99.565
2025-07-22 12:40,RUB/BRL,Moeda,0.07,-0.33,2.63,-0.046,4.446,0.71,0.821,1.182,0.5599999999999999,98.37,99.709
2025-07-22 12:50,USD/BRL,Moeda,5.29,1.8499999999999999,2.26,0.066,3.369,0.619,0.812,1.24,1.48,99.19,99.887
2025-07-22 12:50,EUR/BRL,Moeda,5.54,-0.11,2.54,-0.087,2.523,0.626,0.617,1.287,1.38,99.48,99.739
2025-07-22 12:50,JPY/BRL,Moeda,0.04,1.08,2.9000000000000004,0.071,4.599,0.925,0.642,1.211,0.83,98.8,99.772
2025-07-22 12:50,GBP/BRL,Moeda,6.41,1.78,1.59,-0.18,3.623,0.891,0.602,1.11,0.64,99.09,99.174
2025-07-22 12:50,CHF/BRL,Moeda,5.74,1.27,1.1199999999999999,0.152,4.126,0.862,0.651,1.176,1.1900000000000002,99.37,99.459
2025-07-22 12:50,AUD/BRL,Moeda,3.45,0.06,1.39,0.18,4.844,0.896,0.797,1.233,0.62,98.49,99.593
2025-07-22 12:50,CAD/BRL,Moeda,4.1,0.0,2.68,0.135,4.783,0.726,0.637,1.194,1.49,98.48,99.806
2025-07-22 12:50,CNY/BRL,Moeda,0.77,1.92,0.59,-0.045,4.61,0.941,0.705,1.268,1.16,99.44,99.247
2025-07-22 12:50,INR/BRL,Moeda,0.07,0.65,1.24,0.155,2.164,0.646,0.747,1.27,0.63,98.91,99.788
2025-07-22 12:50,RUB/BRL,Moeda,0.07,-0.53,1.66,0.188,4.955,0.738,0.606,1.144,1.06,98.81,99.368
2025-07-22 13:00,USD/BRL,Moeda,5.19,-0.0,1.11,-0.029,2.606,0.814,0.808,1.128,1.38,98.14,99.485
2025-07-22 13:00,EUR/BRL,Moeda,5.62,1.34,0.5700000000000001,-0.186,2.786,0.663,0.707,1.167,1.06,99.38,99.05
2025-07-22 13:00,JPY/BRL,Moeda,0.04,1.7399999999999998,2.63,-0.102,2.36,0.905,0.607,1.205,0.51,98.26,99.512
2025-07-22 13:00,GBP/BRL,Moeda,6.37,1.18,2.82,0.082,3.922,0.884,0.834,1.257,1.48,99.35,99.041
2025-07-22 13:00,CHF/BRL,Moeda,5.63,-0.7799999999999999,2.13,0.024,4.866,0.677,0.66,1.163,0.6799999999999999,98.2,99.041
2025-07-22 13:00,AUD/BRL,Moeda,3.47,0.67,1.06,0.068,3.833,0.601,0.608,1.113,0.8200000000000001,98.61,99.031
2025-07-22 13:00,CAD/BRL,Moeda,4.08,-0.44,1.73,0.031,2.607,0.668,0.605,1.166,1.37,99.19,99.064
2025-07-22 13:00,CNY/BRL,Moeda,0.77,1.21,0.8500000000000001,0.196,3.531,0.924,0.777,1.109,1.4500000000000002,99.09,99.203
2025-07-22 13:00,INR/BRL,Moeda,0.07,0.75,1.7999999999999998,-0.08,2.063,0.919,0.722,1.295,0.8699999999999999,98.2,99.206
2025-07-22 13:00,RUB/BRL,Moeda,0.07,1.3,1.15,-0.105,4.267,0.715,0.729,1.133,1.16,98.13,99.191
2025-07-22 13:10,USD/BRL,Moeda,5.22,0.66,1.6199999999999999,0.018,2.372,0.643,0.803,1.223,0.88,98.35,99.645
2025-07-22 13:10,EUR/BRL,Moeda,5.6,0.9199999999999999,2.4899999999999998,0.101,2.243,0.843,0.845,1.262,1.22,99.47,99.908
2025-07-22 13:10,JPY/BRL,Moeda,0.04,-0.19,2.58,0.066,3.964,0.778,0.658,1.152,1.13,98.96,99.002
2025-07-22 13:10,GBP/BRL,Moeda,6.42,1.96,1.01,-0.079,3.353,0.892,0.645,1.13,0.84,98.94,99.193
2025-07-22 13:10,CHF/BRL,Moeda,5.63,-0.7000000000000001,1.1199999999999999,0.011,4.096,0.853,0.716,1.108,0.86,98.33,99.452
2025-07-22 13:10,AUD/BRL,Moeda,3.48,1.01,1.22,0.134,2.178,0.676,0.779,1.164,0.51,98.54,99.729
2025-07-22 13:10,CAD/BRL,Moeda,4.17,1.7999999999999998,2.87,0.084,2.282,0.841,0.699,1.137,1.4000000000000001,99.21,99.052
2025-07-22 13:10,CNY/BRL,Moeda,0.76,-0.63,2.12,-0.118,2.257,0.777,0.749,1.203,1.25,99.04,99.769
2025-07-22 13:10,INR/BRL,Moeda,0.07,1.9900000000000002,2.9899999999999998,-0.107,3.126,0.627,0.61,1.285,1.2,98.78,99.972
2025-07-22 13:10,RUB/BRL,Moeda,0.07,-0.7000000000000001,0.54,0.149,2.898,0.607,0.666,1.192,0.77,98.4,99.994
2025-07-22 13:20,USD/BRL,Moeda,5.28,1.6400000000000001,0.9400000000000001,-0.14,3.311,0.688,0.673,1.212,0.64,98.14,99.824
2025-07-22 13:20,EUR/BRL,Moeda,5.55,0.05,0.69,-0.063,4.566,0.79,0.822,1.181,1.1900000000000002,99.38,99.998
2025-07-22 13:20,JPY/BRL,Moeda,0.04,-0.47000000000000003,1.97,0.182,2.463,0.825,0.728,1.133,1.17,99.43,99.458
2025-07-22 13:20,GBP/BRL,Moeda,6.31,0.08,1.43,0.105,3.692,0.844,0.747,1.176,1.44,99.34,99.129
2025-07-22 13:20,CHF/BRL,Moeda,5.7,0.47000000000000003,2.18,0.182,4.103,0.661,0.846,1.24,0.65,99.1,99.177
2025-07-22 13:20,AUD/BRL,Moeda,3.5,1.46,1.95,0.076,4.144,0.743,0.794,1.293,1.04,99.2,99.452
2025-07-22 13:20,CAD/BRL,Moeda,4.1,-0.11,2.52,0.028,2.084,0.637,0.629,1.186,0.9199999999999999,98.96,99.083
2025-07-22 13:20,CNY/BRL,Moeda,0.78,1.9800000000000002,1.38,0.006,3.9,0.76,0.712,1.236,1.1900000000000002,98.93,99.162
2025-07-22 13:20,INR/BRL,Moeda,0.07,0.13,0.51,0.138,4.889,0.819,0.763,1.291,0.8,99.17,99.881
2025-07-22 13:20,RUB/BRL,Moeda,0.07,1.8499999999999999,0.61,-0.017,2.608,0.74,0.709,1.142,0.7000000000000001,98.92,99.434
2025-07-22 13:30,USD/BRL,Moeda,5.27,1.4500000000000002,2.06,-0.148,3.659,0.847,0.616,1.121,1.17,98.94,99.029
2025-07-22 13:30,EUR/BRL,Moeda,5.59,0.67,2.21,0.074,2.6,0.885,0.714,1.129,1.38,98.53,99.694
2025-07-22 13:30,JPY/BRL,Moeda,0.04,1.96,1.2,0.191,4.416,0.86,0.837,1.109,0.95,98.22,99.815
2025-07-22 13:30,GBP/BRL,Moeda,6.3,0.04,1.59,0.183,4.089,0.669,0.773,1.26,0.62,98.58,99.037
2025-07-22 13:30,CHF/BRL,Moeda,5.7,0.5,2.6100000000000003,-0.096,2.903,0.731,0.754,1.276,0.61,98.82,99.172
2025-07-22 13:30,AUD/BRL,Moeda,3.49,1.0999999999999999,0.74,-0.198,2.386,0.901,0.619,1.231,0.8200000000000001,98.59,99.207
2025-07-22 13:30,CAD/BRL,Moeda,4.14,0.91,2.11,0.108,3.641,0.928,0.652,1.237,1.39,99.25,99.151
2025-07-22 13:30,CNY/BRL,Moeda,0.77,1.37,2.68,-0.07,2.064,0.82,0.663,1.249,1.04,98.12,99.329
2025-07-22 13:30,INR/BRL,Moeda,0.06,-0.58,2.56,0.09,4.76,0.742,0.69,1.183,1.0999999999999999,98.87,99.828
2025-07-22 13:30,RUB/BRL,Moeda,0.07,1.34,2.74,-0.024,2.784,0.654,0.769,1.205,1.4000000000000001,99.49,99.801
2025-07-22 13:40,USD/BRL,Moeda,5.16,-0.5700000000000001,0.9400000000000001,0.012,3.558,0.645,0.824,1.127,0.74,99.37,99.962
2025-07-22 13:40,EUR/BRL,Moeda,5.55,0.05,0.5599999999999999,-0.164,4.983,0.668,0.7,1.218,0.79,98.98,99.648
2025-07-22 13:40,JPY/BRL,Moeda,0.04,0.03,2.69,0.045,4.511,0.857,0.708,1.146,0.97,98.21,99.149
2025-07-22 13:40,GBP/BRL,Moeda,6.4,1.52,2.0500000000000003,0.106,2.57,0.943,0.769,1.101,0.9900000000000001,99.21,99.242
2025-07-22 13:40,CHF/BRL,Moeda,5.63,-0.62,2.59,-0.182,2.303,0.77,0.707,1.287,1.32,98.85,99.49
2025-07-22 13:40,AUD/BRL,Moeda,3.42,-0.86,0.88,0.094,3.676,0.732,0.621,1.263,0.6799999999999999,99.17,99.35
2025-07-22 13:40,CAD/BRL,Moeda,4.12,0.48,1.44,0.003,4.59,0.857,0.804,1.254,0.9400000000000001,99.13,99.371
2025-07-22 13:40,CNY/BRL,Moeda,0.76,-0.45999999999999996,0.98,-0.135,4.779,0.689,0.722,1.296,1.29,99.01,99.278
2025-07-22 13:40,INR/BRL,Moeda,0.07,0.27999999999999997,2.83,-0.072,3.915,0.896,0.794,1.143,1.16,98.69,99.515
2025-07-22 13:40,RUB/BRL,Moeda,0.07,0.95,0.9400000000000001,-0.157,3.73,0.814,0.655,1.134,0.58,98.05,99.259
2025-07-22 13:50,USD/BRL,Moeda,5.28,1.68,2.37,0.065,3.946,0.718,0.618,1.26,1.1199999999999999,98.1,99.41
2025-07-22 13:50,EUR/BRL,Moeda,5.55,0.01,2.85,-0.032,3.134,0.691,0.761,1.197,1.04,99.02,99.883
2025-07-22 13:50,JPY/BRL,Moeda,0.04,0.33999999999999997,0.53,0.012,4.577,0.883,0.624,1.165,0.66,99.31,99.158
2025-07-22 13:50,GBP/BRL,Moeda,6.36,1.03,2.79,0.091,3.671,0.606,0.804,1.204,0.73,98.88,99.363
2025-07-22 13:50,CHF/BRL,Moeda,5.75,1.49,1.47,0.1,4.865,0.753,0.802,1.167,0.95,99.07,99.659
2025-07-22 13:50,AUD/BRL,Moeda,3.42,-0.9299999999999999,1.51,0.139,2.083,0.732,0.82,1.175,0.86,98.34,99.41
2025-07-22 13:50,CAD/BRL,Moeda,4.09,-0.13999999999999999,0.75,0.119,2.642,0.814,0.747,1.184,1.4000000000000001,98.99,99.33
2025-07-22 13:50,CNY/BRL,Moeda,0.77,1.23,1.9900000000000002,0.142,3.649,0.753,0.766,1.298,1.35,99.18,99.257
2025-07-22 13:50,INR/BRL,Moeda,0.07,0.58,2.1999999999999997,-0.148,3.984,0.855,0.826,1.263,1.47,99.48,99.072
2025-07-22 13:50,RUB/BRL,Moeda,0.07,1.38,2.6100000000000003,-0.162,4.792,0.644,0.769,1.278,1.0,98.01,99.283
2025-07-22 14:00,USD/BRL,Moeda,5.23,0.8099999999999999,2.06,0.024,3.636,0.738,0.613,1.258,1.1900000000000002,98.72,99.393
2025-07-22 14:00,EUR/BRL,Moeda,5.5,-0.8500000000000001,1.31,0.051,4.436,0.859,0.788,1.139,0.74,99.16,99.351
2025-07-22 14:00,JPY/BRL,Moeda,0.04,0.91,2.19,-0.038,2.688,0.857,0.657,1.138,1.08,98.68,99.19
2025-07-22 14:00,GBP/BRL,Moeda,6.25,-0.72,1.79,0.074,4.722,0.88,0.731,1.264,0.51,98.1,99.015
2025-07-22 14:00,CHF/BRL,Moeda,5.7,0.5,1.18,-0.035,4.0,0.837,0.835,1.284,0.95,98.7,99.74
2025-07-22 14:00,AUD/BRL,Moeda,3.46,0.31,0.9199999999999999,0.074,4.743,0.781,0.827,1.254,1.03,98.51,99.22
2025-07-22 14:00,CAD/BRL,Moeda,4.12,0.4,2.09,-0.042,3.259,0.917,0.759,1.141,0.7799999999999999,99.5,99.931
2025-07-22 14:00,CNY/BRL,Moeda,0.76,-0.13,0.66,-0.13,4.393,0.642,0.672,1.157,0.63,98.76,99.861
2025-07-22 14:00,INR/BRL,Moeda,0.07,0.77,0.97,0.072,4.082,0.788,0.731,1.223,0.74,99.05,99.412
2025-07-22 14:00,RUB/BRL,Moeda,0.07,0.74,2.5700000000000003,0.062,3.262,0.815,0.696,1.245,0.72,98.86,99.883
2025-07-22 14:10,USD/BRL,Moeda,5.14,-0.95,0.5599999999999999,-0.062,4.025,0.861,0.847,1.288,1.34,99.1,99.665
2025-07-22 14:10,EUR/BRL,Moeda,5.66,1.91,2.92,0.157,2.315,0.684,0.666,1.113,1.02,98.57,99.583
2025-07-22 14:10,JPY/BRL,Moeda,0.04,1.08,2.39,0.159,3.603,0.847,0.738,1.147,1.25,99.08,99.114
2025-07-22 14:10,GBP/BRL,Moeda,6.39,1.3599999999999999,2.26,-0.14,3.208,0.746,0.652,1.153,0.83,98.9,99.403
2025-07-22 14:10,CHF/BRL,Moeda,5.69,0.4,1.7000000000000002,0.19,3.05,0.899,0.672,1.124,0.8099999999999999,98.33,99.966
2025-07-22 14:10,AUD/BRL,Moeda,3.47,0.62,2.77,0.038,2.475,0.794,0.615,1.136,1.01,99.47,99.234
2025-07-22 14:10,CAD/BRL,Moeda,4.06,-0.96,1.59,-0.017,4.476,0.737,0.671,1.118,0.54,99.22,99.85
2025-07-22 14:10,CNY/BRL,Moeda,0.77,1.43,2.12,-0.075,3.246,0.731,0.769,1.135,0.9199999999999999,98.07,99.223
2025-07-22 14:10,INR/BRL,Moeda,0.07,1.8800000000000001,0.88,0.194,3.714,0.704,0.684,1.132,1.25,99.43,99.255
2025-07-22 14:10,RUB/BRL,Moeda,0.07,0.58,1.95,-0.062,3.602,0.773,0.669,1.141,1.34,98.86,99.04
2025-07-22 14:20,USD/BRL,Moeda,5.17,-0.35000000000000003,1.13,0.162,2.991,0.746,0.609,1.225,1.17,98.17,99.262
2025-07-22 14:20,EUR/BRL,Moeda,5.65,1.76,0.51,0.143,4.792,0.766,0.624,1.287,1.24,98.13,99.471
2025-07-22 14:20,JPY/BRL,Moeda,0.04,1.59,0.7799999999999999,0.032,3.857,0.859,0.828,1.256,1.4000000000000001,99.1,99.941
2025-07-22 14:20,GBP/BRL,Moeda,6.4,1.5599999999999998,0.8699999999999999,-0.018,4.258,0.734,0.691,1.104,1.4000000000000001,99.16,99.304
2025-07-22 14:20,CHF/BRL,Moeda,5.78,1.8800000000000001,1.17,-0.055,3.966,0.756,0.85,1.263,1.39,98.24,99.828
2025-07-22 14:20,AUD/BRL,Moeda,3.48,0.9199999999999999,1.81,-0.16,2.674,0.72,0.823,1.279,0.53,98.81,99.901
2025-07-22 14:20,CAD/BRL,Moeda,4.17,1.7000000000000002,2.33,-0.085,2.109,0.748,0.786,1.243,0.66,98.45,99.449
2025-07-22 14:20,CNY/BRL,Moeda,0.76,0.1,2.9000000000000004,0.078,2.468,0.91,0.707,1.171,0.9299999999999999,98.72,99.403
2025-07-22 14:20,INR/BRL,Moeda,0.07,0.5,1.46,0.035,3.152,0.91,0.715,1.226,0.62,99.17,99.584
2025-07-22 14:20,RUB/BRL,Moeda,0.07,1.72,2.01,0.034,3.537,0.856,0.709,1.181,1.02,98.91,99.229
2025-07-22 14:30,USD/BRL,Moeda,5.25,1.21,2.87,-0.05,4.501,0.799,0.759,1.221,1.4200000000000002,98.93,99.924
2025-07-22 14:30,EUR/BRL,Moeda,5.63,1.39,1.17,-0.068,2.587,0.743,0.627,1.129,0.9299999999999999,98.41,99.238
2025-07-22 14:30,JPY/BRL,Moeda,0.04,0.26,1.95,-0.114,2.089,0.809,0.711,1.293,0.7799999999999999,98.19,99.576
2025-07-22 14:30,GBP/BRL,Moeda,6.43,2.0,1.97,0.085,4.172,0.821,0.771,1.146,0.7100000000000001,98.44,99.735
2025-07-22 14:30,CHF/BRL,Moeda,5.7,0.45999999999999996,1.1900000000000002,0.156,3.721,0.755,0.724,1.264,0.84,98.25,99.14
2025-07-22 14:30,AUD/BRL,Moeda,3.44,-0.41000000000000003,2.78,0.091,4.919,0.816,0.748,1.175,0.73,98.21,99.402
2025-07-22 14:30,CAD/BRL,Moeda,4.15,1.3,2.7,0.168,3.536,0.812,0.618,1.214,0.9400000000000001,99.19,99.293
2025-07-22 14:30,CNY/BRL,Moeda,0.77,0.9900000000000001,2.04,0.141,3.917,0.889,0.63,1.247,1.17,98.77,99.42
2025-07-22 14:30,INR/BRL,Moeda,0.06,-0.5,2.09,0.199,4.441,0.638,0.73,1.295,1.37,98.75,99.097
2025-07-22 14:30,RUB/BRL,Moeda,0.07,1.46,0.5599999999999999,0.189,2.771,0.852,0.744,1.248,0.98,98.35,99.435
2025-07-22 14:40,USD/BRL,Moeda,5.22,0.5599999999999999,2.07,-0.171,4.226,0.938,0.694,1.276,1.41,99.02,99.364
2025-07-22 14:40,EUR/BRL,Moeda,5.52,-0.61,0.66,-0.062,3.411,0.631,0.659,1.116,0.98,98.34,99.008
2025-07-22 14:40,JPY/BRL,Moeda,0.04,1.78,0.54,-0.058,3.371,0.611,0.833,1.108,0.5599999999999999,98.45,99.085
2025-07-22 14:40,GBP/BRL,Moeda,6.29,-0.08,2.74,0.157,4.957,0.859,0.762,1.186,1.25,99.21,99.678
2025-07-22 14:40,CHF/BRL,Moeda,5.71,0.79,1.8599999999999999,0.072,3.622,0.757,0.625,1.22,0.8500000000000001,98.69,99.944
2025-07-22 14:40,AUD/BRL,Moeda,3.42,-0.97,1.97,0.185,3.993,0.84,0.754,1.106,1.02,98.27,99.758
2025-07-22 14:40,CAD/BRL,Moeda,4.15,1.26,1.63,0.094,2.044,0.93,0.777,1.183,0.66,98.7,99.893
2025-07-22 14:40,CNY/BRL,Moeda,0.76,-0.22,2.25,-0.069,4.236,0.736,0.838,1.166,0.89,98.8,99.057
2025-07-22 14:40,INR/BRL,Moeda,0.06,-0.26,2.13,0.179,2.702,0.792,0.707,1.112,1.18,98.01,99.69
2025-07-22 14:40,RUB/BRL,Moeda,0.07,-0.35000000000000003,2.8000000000000003,-0.064,2.797,0.601,0.778,1.223,1.46,98.49,99.779
2025-07-22 14:50,USD/BRL,Moeda,5.26,1.3599999999999999,1.68,-0.14,2.951,0.712,0.794,1.23,1.1199999999999999,98.23,99.206
2025-07-22 14:50,EUR/BRL,Moeda,5.57,0.38,0.8699999999999999,0.15,3.43,0.674,0.735,1.176,0.84,99.37,99.408
2025-07-22 14:50,JPY/BRL,Moeda,0.04,-0.25,1.3299999999999998,0.108,2.115,0.847,0.763,1.163,1.11,99.24,99.557
2025-07-22 14:50,GBP/BRL,Moeda,6.35,0.8099999999999999,2.1399999999999997,0.079,2.469,0.68,0.729,1.255,0.65,98.37,99.299
2025-07-22 14:50,CHF/BRL,Moeda,5.77,1.81,2.03,0.172,4.596,0.947,0.612,1.103,0.91,99.03,99.21
2025-07-22 14:50,AUD/BRL,Moeda,3.44,-0.21,2.67,-0.053,4.154,0.7,0.651,1.137,1.21,99.33,99.907
2025-07-22 14:50,CAD/BRL,Moeda,4.14,1.04,1.0699999999999998,0.07,3.006,0.948,0.717,1.265,0.84,98.45,99.466
2025-07-22 14:50,CNY/BRL,Moeda,0.76,-0.38,1.8499999999999999,0.17,3.622,0.749,0.717,1.15,0.73,98.83,99.34
2025-07-22 14:50,INR/BRL,Moeda,0.06,-0.88,1.87,-0.079,2.893,0.629,0.808,1.17,0.73,99.06,99.306
2025-07-22 14:50,RUB/BRL,Moeda,0.07,-0.44999999999999996,0.76,-0.152,2.651,0.912,0.765,1.29,1.13,99.02,99.855
2025-07-22 15:00,USD/BRL,Moeda,5.25,1.24,1.76,-0.068,3.416,0.763,0.795,1.267,0.75,98.37,99.194
2025-07-22 15:00,EUR/BRL,Moeda,5.62,1.1900000000000002,2.37,-0.176,2.938,0.896,0.8,1.268,1.2,98.33,99.192
2025-07-22 15:00,JPY/BRL,Moeda,0.04,0.29,1.09,-0.156,3.239,0.684,0.777,1.107,1.48,98.78,99.779
2025-07-22 15:00,GBP/BRL,Moeda,6.28,-0.27999999999999997,2.79,0.06,3.886,0.849,0.812,1.136,1.37,98.78,99.802
2025-07-22 15:00,CHF/BRL,Moeda,5.71,0.77,0.73,0.133,4.703,0.852,0.843,1.194,1.15,98.96,99.98
2025-07-22 15:00,AUD/BRL,Moeda,3.48,0.73,2.44,0.153,4.545,0.82,0.653,1.187,1.23,98.89,99.601
2025-07-22 15:00,CAD/BRL,Moeda,4.12,0.38999999999999996,2.5700000000000003,0.154,3.14,0.687,0.668,1.137,1.25,99.11,99.008
2025-07-22 15:00,CNY/BRL,Moeda,0.77,1.7500000000000002,0.8099999999999999,0.022,2.649,0.706,0.846,1.254,0.6,99.2,99.663
2025-07-22 15:00,INR/BRL,Moeda,0.07,0.64,0.5700000000000001,0.17,2.775,0.913,0.686,1.281,1.1199999999999999,98.21,99.041
2025-07-22 15:00,RUB/BRL,Moeda,0.07,-0.03,1.17,0.034,4.124,0.75,0.74,1.187,0.8500000000000001,98.85,99.34
2025-07-22 15:10,USD/BRL,Moeda,5.28,1.76,0.64,0.158,3.184,0.862,0.823,1.196,1.4000000000000001,98.61,99.039
2025-07-22 15:10,EUR/BRL,Moeda,5.59,0.79,0.58,-0.049,2.56,0.802,0.699,1.22,0.69,98.86,99.588
2025-07-22 15:10,JPY/BRL,Moeda,0.04,0.7799999999999999,2.44,0.16,2.183,0.659,0.795,1.133,1.22,98.72,99.841
2025-07-22 15:10,GBP/BRL,Moeda,6.4,1.5599999999999998,0.6,0.116,4.85,0.902,0.836,1.225,0.77,99.44,99.408
2025-07-22 15:10,CHF/BRL,Moeda,5.68,0.13,2.29,-0.133,4.502,0.755,0.756,1.101,0.8,98.1,99.461
2025-07-22 15:10,AUD/BRL,Moeda,3.44,-0.22,2.21,-0.17,4.215,0.711,0.691,1.28,0.8999999999999999,98.36,99.485
2025-07-22 15:10,CAD/BRL,Moeda,4.12,0.5499999999999999,1.35,0.035,2.908,0.601,0.822,1.262,1.27,98.8,99.23
2025-07-22 15:10,CNY/BRL,Moeda,0.76,0.2,1.06,-0.001,4.404,0.862,0.76,1.198,1.3599999999999999,98.94,99.656
2025-07-22 15:10,INR/BRL,Moeda,0.06,-0.9400000000000001,2.3800000000000003,0.149,3.381,0.636,0.806,1.107,0.64,99.4,99.602
2025-07-22 15:10,RUB/BRL,Moeda,0.07,-0.04,1.76,-0.073,3.362,0.658,0.844,1.295,0.66,99.26,99.922
2025-07-22 15:20,USD/BRL,Moeda,5.23,0.72,0.75,0.173,3.331,0.863,0.767,1.152,0.52,99.1,99.226
2025-07-22 15:20,EUR/BRL,Moeda,5.62,1.23,1.66,-0.021,3.829,0.757,0.602,1.269,0.54,98.44,99.956
2025-07-22 15:20,JPY/BRL,Moeda,0.04,1.8599999999999999,0.9199999999999999,0.105,3.042,0.903,0.64,1.212,1.48,99.07,99.023
2025-07-22 15:20,GBP/BRL,Moeda,6.37,1.1900000000000002,0.84,0.053,4.475,0.897,0.783,1.113,1.0999999999999999,99.48,99.851
2025-07-22 15:20,CHF/BRL,Moeda,5.76,1.5,2.0500000000000003,-0.047,3.181,0.891,0.823,1.293,0.5599999999999999,99.11,99.822
2025-07-22 15:20,AUD/BRL,Moeda,3.52,1.95,2.81,-0.02,4.614,0.809,0.628,1.255,0.6,99.15,99.741
2025-07-22 15:20,CAD/BRL,Moeda,4.18,1.8499999999999999,2.34,0.178,2.571,0.729,0.835,1.273,1.27,98.81,99.84
2025-07-22 15:20,CNY/BRL,Moeda,0.76,0.01,1.9300000000000002,0.073,2.739,0.922,0.833,1.283,1.35,99.17,99.462
2025-07-22 15:20,INR/BRL,Moeda,0.07,1.09,2.09,-0.178,2.87,0.898,0.759,1.136,1.43,98.24,99.907
2025-07-22 15:20,RUB/BRL,Moeda,0.07,-0.38999999999999996,1.44,0.072,2.98,0.892,0.744,1.139,1.4200000000000002,98.13,99.919
2025-07-22 15:30,USD/BRL,Moeda,5.22,0.52,0.8,0.196,2.129,0.831,0.705,1.283,0.5499999999999999,99.28,99.604
2025-07-22 15:30,EUR/BRL,Moeda,5.57,0.35000000000000003,1.01,-0.181,2.656,0.845,0.848,1.205,1.47,98.08,99.335
2025-07-22 15:30,JPY/BRL,Moeda,0.04,1.1900000000000002,1.9,-0.122,2.243,0.649,0.842,1.291,0.9400000000000001,98.62,99.918
2025-07-22 15:30,GBP/BRL,Moeda,6.28,-0.38,2.41,-0.194,4.724,0.791,0.78,1.124,1.16,98.72,99.29
2025-07-22 15:30,CHF/BRL,Moeda,5.64,-0.52,1.1400000000000001,0.069,4.64,0.853,0.629,1.151,0.6799999999999999,98.01,99.717
2025-07-22 15:30,AUD/BRL,Moeda,3.48,0.8699999999999999,2.48,0.121,2.57,0.852,0.728,1.217,0.9900000000000001,98.31,99.818
2025-07-22 15:30,CAD/BRL,Moeda,4.16,1.55,0.58,-0.14,3.136,0.623,0.745,1.228,0.79,98.42,99.167
2025-07-22 15:30,CNY/BRL,Moeda,0.76,0.6,2.2399999999999998,-0.138,2.843,0.93,0.793,1.177,1.31,98.21,99.103
2025-07-22 15:30,INR/BRL,Moeda,0.07,0.9199999999999999,2.11,0.107,3.652,0.879,0.736,1.194,1.4200000000000002,98.73,99.792
2025-07-22 15:30,RUB/BRL,Moeda,0.07,-0.26,1.21,-0.114,4.092,0.606,0.714,1.237,1.3,98.6,99.839
2025-07-22 15:40,USD/BRL,Moeda,5.28,1.77,2.26,0.165,3.009,0.615,0.738,1.235,1.27,98.93,99.934
2025-07-22 15:40,EUR/BRL,Moeda,5.52,-0.5499999999999999,0.9400000000000001,-0.109,3.782,0.719,0.801,1.268,1.17,98.89,99.327
2025-07-22 15:40,JPY/BRL,Moeda,0.04,1.7500000000000002,1.51,-0.147,4.336,0.81,0.829,1.208,1.46,99.18,99.511
2025-07-22 15:40,GBP/BRL,Moeda,6.27,-0.49,0.88,0.071,3.336,0.813,0.744,1.112,1.02,99.08,99.671
2025-07-22 15:40,CHF/BRL,Moeda,5.77,1.7000000000000002,2.55,-0.109,3.971,0.816,0.795,1.258,0.6799999999999999,99.19,99.078
2025-07-22 15:40,AUD/BRL,Moeda,3.42,-0.8699999999999999,1.58,-0.162,2.587,0.752,0.658,1.182,0.8099999999999999,98.16,99.089
2025-07-22 15:40,CAD/BRL,Moeda,4.17,1.73,0.9900000000000001,0.077,3.731,0.942,0.675,1.214,1.32,98.45,99.439
2025-07-22 15:40,CNY/BRL,Moeda,0.76,0.54,1.54,-0.141,4.953,0.666,0.847,1.243,0.76,98.2,99.246
2025-07-22 15:40,INR/BRL,Moeda,0.07,1.72,0.9299999999999999,0.041,3.79,0.738,0.622,1.113,1.21,98.03,99.781
2025-07-22 15:40,RUB/BRL,Moeda,0.07,1.3,0.6,0.197,2.216,0.601,0.774,1.101,0.83,99.19,99.367
2025-07-22 15:50,USD/BRL,Moeda,5.28,1.6400000000000001,1.26,-0.102,2.178,0.936,0.677,1.243,0.8200000000000001,98.75,99.609
2025-07-22 15:50,EUR/BRL,Moeda,5.64,1.66,1.16,-0.087,3.42,0.896,0.845,1.3,0.76,98.56,99.757
2025-07-22 15:50,JPY/BRL,Moeda,0.04,0.33999999999999997,0.73,0.069,3.187,0.854,0.764,1.29,0.7000000000000001,98.7,99.678
2025-07-22 15:50,GBP/BRL,Moeda,6.41,1.67,2.6,-0.027,4.853,0.894,0.703,1.135,0.5499999999999999,99.33,99.267
2025-07-22 15:50,CHF/BRL,Moeda,5.68,0.19,1.94,0.105,4.488,0.641,0.686,1.203,1.06,98.17,99.583
2025-07-22 15:50,AUD/BRL,Moeda,3.51,1.79,0.8099999999999999,0.074,2.561,0.665,0.828,1.19,0.9199999999999999,98.3,99.242
2025-07-22 15:50,CAD/BRL,Moeda,4.09,-0.27999999999999997,1.63,-0.013,2.752,0.909,0.665,1.149,0.97,98.97,99.047
2025-07-22 15:50,CNY/BRL,Moeda,0.76,-0.64,1.37,-0.017,2.997,0.773,0.76,1.216,0.89,98.72,99.934
2025-07-22 15:50,INR/BRL,Moeda,0.07,0.41000000000000003,0.5599999999999999,0.01,4.117,0.706,0.817,1.167,0.77,98.99,99.09
2025-07-22 15:50,RUB/BRL,Moeda,0.07,0.96,0.54,-0.074,2.434,0.718,0.64,1.225,1.1199999999999999,98.3,99.03
2025-07-22 16:00,USD/BRL,Moeda,5.14,-0.96,1.92,-0.143,4.677,0.855,0.801,1.128,1.06,99.5,99.648
2025-07-22 16:00,EUR/BRL,Moeda,5.51,-0.7000000000000001,1.27,-0.069,2.704,0.918,0.808,1.173,1.08,98.04,99.522
2025-07-22 16:00,JPY/BRL,Moeda,0.04,-0.6,1.39,-0.107,4.884,0.606,0.83,1.151,0.73,98.71,99.022
2025-07-22 16:00,GBP/BRL,Moeda,6.4,1.6400000000000001,1.1400000000000001,0.099,4.501,0.667,0.842,1.203,0.75,98.0,99.933
2025-07-22 16:00,CHF/BRL,Moeda,5.72,0.8999999999999999,0.97,-0.199,4.377,0.711,0.617,1.122,1.1900000000000002,98.92,99.937
2025-07-22 16:00,AUD/BRL,Moeda,3.44,-0.27999999999999997,2.63,0.096,2.192,0.887,0.62,1.261,0.84,99.28,99.708
2025-07-22 16:00,CAD/BRL,Moeda,4.14,0.97,2.59,0.003,3.323,0.749,0.658,1.293,1.46,99.29,99.57
2025-07-22 16:00,CNY/BRL,Moeda,0.76,0.65,1.23,0.158,4.663,0.873,0.809,1.211,0.84,99.32,99.491
2025-07-22 16:00,INR/BRL,Moeda,0.07,1.52,2.58,-0.073,4.471,0.806,0.644,1.237,0.65,99.04,99.602
2025-07-22 16:00,RUB/BRL,Moeda,0.07,1.09,1.01,-0.073,3.618,0.764,0.762,1.251,0.72,99.41,99.992
2025-07-22 16:10,USD/BRL,Moeda,5.25,1.11,1.5599999999999998,-0.168,4.163,0.727,0.847,1.192,0.66,99.17,99.213
2025-07-22 16:10,EUR/BRL,Moeda,5.6,0.86,2.98,-0.183,3.764,0.662,0.789,1.236,0.95,98.91,99.21
2025-07-22 16:10,JPY/BRL,Moeda,0.04,0.74,1.69,-0.147,2.655,0.606,0.726,1.139,0.7799999999999999,98.38,99.054
2025-07-22 16:10,GBP/BRL,Moeda,6.31,0.15,2.23,-0.063,2.168,0.943,0.809,1.161,1.43,98.17,99.722
2025-07-22 16:10,CHF/BRL,Moeda,5.74,1.27,0.95,-0.005,3.283,0.745,0.666,1.214,1.31,98.84,99.059
2025-07-22 16:10,AUD/BRL,Moeda,3.49,1.13,2.3800000000000003,-0.015,2.481,0.838,0.648,1.136,0.7799999999999999,98.94,99.376
2025-07-22 16:10,CAD/BRL,Moeda,4.12,0.5599999999999999,1.05,0.019,2.654,0.608,0.81,1.248,1.3599999999999999,99.15,99.994
2025-07-22 16:10,CNY/BRL,Moeda,0.76,-0.35000000000000003,1.26,-0.02,3.245,0.894,0.772,1.232,1.48,98.19,99.037
2025-07-22 16:10,INR/BRL,Moeda,0.06,-0.03,2.11,0.057,2.434,0.803,0.713,1.269,0.6,98.69,99.895
2025-07-22 16:10,RUB/BRL,Moeda,0.07,1.95,0.54,-0.076,2.68,0.707,0.643,1.107,1.4500000000000002,99.34,99.153
2025-07-22 16:20,USD/BRL,Moeda,5.29,1.96,1.41,-0.008,4.192,0.715,0.785,1.201,0.8200000000000001,98.98,99.402
2025-07-22 16:20,EUR/BRL,Moeda,5.58,0.48,2.83,-0.143,2.586,0.914,0.836,1.186,1.46,98.25,99.779
2025-07-22 16:20,JPY/BRL,Moeda,0.04,1.32,2.82,-0.12,2.405,0.852,0.675,1.202,1.31,99.5,99.092
2025-07-22 16:20,GBP/BRL,Moeda,6.37,1.11,1.0999999999999999,0.041,3.978,0.715,0.661,1.173,1.31,98.02,99.74
2025-07-22 16:20,CHF/BRL,Moeda,5.78,1.9,0.77,0.057,2.097,0.806,0.631,1.274,1.28,98.15,99.362
2025-07-22 16:20,AUD/BRL,Moeda,3.44,-0.31,2.3,0.151,4.243,0.761,0.837,1.268,0.5700000000000001,98.83,99.552
2025-07-22 16:20,CAD/BRL,Moeda,4.09,-0.32,1.9800000000000002,0.007,4.98,0.645,0.808,1.219,0.74,98.21,99.15
2025-07-22 16:20,CNY/BRL,Moeda,0.76,-0.25,1.25,-0.08,3.487,0.787,0.668,1.285,0.89,98.59,99.531
2025-07-22 16:20,INR/BRL,Moeda,0.06,-0.13999999999999999,0.69,0.148,4.043,0.686,0.647,1.148,0.6799999999999999,99.08,99.435
2025-07-22 16:20,RUB/BRL,Moeda,0.07,0.53,1.4000000000000001,-0.043,3.761,0.619,0.688,1.168,0.79,98.3,99.242
2025-07-22 16:30,USD/BRL,Moeda,5.17,-0.38,0.51,0.19,2.159,0.772,0.648,1.203,0.5,98.81,99.896
2025-07-22 16:30,EUR/BRL,Moeda,5.51,-0.77,1.08,0.0,4.31,0.857,0.783,1.233,0.9900000000000001,98.85,99.39
2025-07-22 16:30,JPY/BRL,Moeda,0.04,0.51,2.56,0.001,3.261,0.753,0.695,1.236,0.96,98.45,99.221
2025-07-22 16:30,GBP/BRL,Moeda,6.28,-0.35000000000000003,1.72,0.142,2.34,0.764,0.655,1.109,0.7799999999999999,98.72,99.45
2025-07-22 16:30,CHF/BRL,Moeda,5.69,0.43,1.3599999999999999,0.138,4.927,0.815,0.612,1.175,1.3,99.39,99.088
2025-07-22 16:30,AUD/BRL,Moeda,3.48,0.75,1.95,-0.167,4.535,0.91,0.722,1.137,1.26,98.25,99.97
2025-07-22 16:30,CAD/BRL,Moeda,4.15,1.27,1.72,-0.111,2.562,0.716,0.737,1.208,0.54,99.36,99.062
2025-07-22 16:30,CNY/BRL,Moeda,0.76,-0.42,2.45,0.045,3.241,0.62,0.634,1.133,1.3,99.04,99.596
2025-07-22 16:30,INR/BRL,Moeda,0.07,0.88,2.32,-0.131,4.834,0.697,0.807,1.225,0.62,98.9,99.674
2025-07-22 16:30,RUB/BRL,Moeda,0.07,0.06,1.94,0.084,2.842,0.776,0.676,1.121,1.26,98.41,99.714
2025-07-22 16:40,USD/BRL,Moeda,5.27,1.54,2.9899999999999998,0.077,4.579,0.722,0.704,1.124,0.65,99.18,99.113
2025-07-22 16:40,EUR/BRL,Moeda,5.52,-0.5599999999999999,1.22,0.138,2.135,0.903,0.673,1.15,0.72,98.37,99.669
2025-07-22 16:40,JPY/BRL,Moeda,0.04,0.13,2.56,0.032,2.517,0.673,0.617,1.274,0.9299999999999999,99.26,99.928
2025-07-22 16:40,GBP/BRL,Moeda,6.35,0.76,2.34,0.179,2.565,0.609,0.834,1.202,1.49,98.33,99.989
2025-07-22 16:40,CHF/BRL,Moeda,5.64,-0.5499999999999999,1.79,0.171,2.989,0.79,0.702,1.116,0.54,99.23,99.769
2025-07-22 16:40,AUD/BRL,Moeda,3.46,0.22,2.64,-0.002,4.78,0.929,0.838,1.135,0.8500000000000001,98.96,99.278
2025-07-22 16:40,CAD/BRL,Moeda,4.1,-0.06,2.4,-0.015,2.224,0.711,0.661,1.225,0.69,98.7,99.113
2025-07-22 16:40,CNY/BRL,Moeda,0.77,1.17,2.81,0.194,3.565,0.848,0.814,1.15,0.9199999999999999,99.12,99.915
2025-07-22 16:40,INR/BRL,Moeda,0.06,-0.5499999999999999,0.5499999999999999,-0.109,3.513,0.716,0.638,1.281,1.3,98.18,99.741
2025-07-22 16:40,RUB/BRL,Moeda,0.07,1.46,1.1900000000000002,0.002,4.253,0.934,0.829,1.161,1.18,98.37,99.181
2025-07-22 16:50,USD/BRL,Moeda,5.15,-0.86,2.55,-0.141,2.144,0.875,0.835,1.201,0.6,98.3,99.2
2025-07-22 16:50,EUR/BRL,Moeda,5.64,1.6,1.01,-0.168,3.965,0.884,0.824,1.109,0.5700000000000001,98.19,99.911
2025-07-22 16:50,JPY/BRL,Moeda,0.04,0.7000000000000001,0.96,0.197,3.878,0.872,0.635,1.29,0.64,98.95,99.644
2025-07-22 16:50,GBP/BRL,Moeda,6.29,-0.15,1.27,-0.005,2.344,0.803,0.667,1.174,0.8200000000000001,99.05,99.782
2025-07-22 16:50,CHF/BRL,Moeda,5.69,0.35000000000000003,1.73,0.108,4.443,0.948,0.798,1.113,0.6799999999999999,98.83,99.714
2025-07-22 16:50,AUD/BRL,Moeda,3.47,0.45999999999999996,0.98,-0.081,4.85,0.804,0.832,1.206,1.09,98.6,99.778
2025-07-22 16:50,CAD/BRL,Moeda,4.11,0.13999999999999999,0.84,0.009,3.188,0.76,0.829,1.296,1.09,98.63,99.945
2025-07-22 16:50,CNY/BRL,Moeda,0.76,-0.1,2.98,-0.138,3.305,0.602,0.702,1.164,0.72,98.02,99.412
2025-07-22 16:50,INR/BRL,Moeda,0.06,-0.37,2.13,0.195,2.113,0.622,0.838,1.106,1.3599999999999999,98.55,99.501
2025-07-22 16:50,RUB/BRL,Moeda,0.07,0.59,2.87,0.059,3.062,0.666,0.812,1.278,0.63,99.14,99.064
