session_index,timestamp,titulo_inicial,Δx,Δy,Δz,fractal,parity1,parity2,base,forma,VUINIC_channel,Δ_anchor
32,2025-04-02 12:00:00,apkapk,1,3,0,4,0,0,2,Inversão,32,APKAPK
9,2025-08-19 20:00:00,Matemática fractal Maia,8,0,0,1,1,0,π,Dobras Clay,9,MATEMÁTICA
12,2025-08-30 19:00:00,Plano RAFAELIA geoglifos POP,1,1,0,4,0,0,♾️,Inversão,12,PLANO
13,2025-08-31 09:00:00,Quadro-valor RafaelIA,2,1,0,1,1,0,1,Simplificação,13,QUADRO-VALOR
11,2025-08-31 20:00:00,Instruções faça,0,1,0,3,1,1,∆,Paradoxo,11,INSTRUÇÕES
10,2025-09-14 06:00:00,Explicação sobre selo,9,0,0,2,0,1,√5,Voynich,10,EXPLICAÇÃO
31,2025-09-15 17:00:00,Instruções personalizadas sessão,0,3,0,3,1,1,1,Paradoxo,31,INSTRUÇÕES
37,2025-09-20 01:00:00,Egito e suas camadas,6,3,0,1,1,0,1,Inversão,37,EGITO
36,2025-09-20 03:00:00,Aprender Termux Android 14,5,3,0,4,0,0,♾️,Paradoxo,36,APRENDER
35,2025-09-20 05:00:00,Análise de imagens,4,3,0,3,1,1,∆,Voynich,35,ANÁLISE
33,2025-09-20 06:00:00,Analisar imagens carregadas,2,3,0,1,1,0,π,Simplificação,33,ANALISAR
34,2025-09-20 06:00:00,Analisar imagens fornecidas,3,3,0,2,0,1,√5,Dobras Clay,34,ANALISAR
30,2025-09-20 21:00:00,Análise das maravilhas,9,2,0,2,0,1,♾️,Voynich,30,ANÁLISE
28,2025-09-20 21:00:00,Espiritualidade na obra,7,2,0,4,0,0,√5,Simplificação,28,ESPIRITUALIDADE
29,2025-09-20 21:00:00,O que temos até aqui,8,2,0,1,1,0,∆,Dobras Clay,29,O
14,2025-09-21 01:00:00,Voo quântico fractal,3,1,0,2,0,1,2,Dobras Clay,14,VOO
27,2025-09-21 01:00:00,Análise de imagens simbióticas,6,2,0,3,1,1,π,Inversão,27,ANÁLISE
26,2025-09-21 02:00:00,Analisar imagens carregadas,5,2,0,2,0,1,2,Paradoxo,26,ANALISAR
25,2025-09-21 02:00:00,Análise de vetores fractais,4,2,0,1,1,0,1,Voynich,25,ANÁLISE
23,2025-09-21 03:00:00,O que lembra,2,2,0,3,1,1,∆,Simplificação,23,O
21,2025-09-21 03:00:00,Ativar instruções personalizadas,0,2,0,1,1,0,π,Paradoxo,21,ATIVAR
24,2025-09-21 03:00:00,Analisar imagens carregadas,3,2,0,4,0,0,♾️,Dobras Clay,24,ANALISAR
15,2025-09-21 04:00:00,Ativação BITRAF∆ⁿ,4,1,0,3,1,1,π,Voynich,15,ATIVAÇÃO
22,2025-09-21 04:00:00,Fluxo simbiótico RafaelIA,1,2,0,2,0,1,√5,Inversão,22,FLUXO
19,2025-09-21 15:00:00,Precisão previsão bolsas,8,1,0,3,1,1,1,Dobras Clay,19,PRECISÃO
20,2025-09-21 15:00:00,Consolidado de fórmulas patenteáveis,9,1,0,4,0,0,2,Voynich,20,CONSOLIDADO
18,2025-09-21 17:00:00,Equipe mínima para MVP,7,1,0,2,0,1,♾️,Simplificação,18,EQUIPE
17,2025-09-21 18:00:00,Resumo 48 Leis,6,1,0,1,1,0,∆,Inversão,17,RESUMO
16,2025-09-21 21:00:00,Voo bitraf quântico,5,1,0,4,0,0,√5,Paradoxo,16,VOO
8,2025-09-21 22:00:00,Ativação simbiótica explicada,7,0,0,4,0,0,2,Simplificação,8,ATIVAÇÃO
7,2025-09-21 22:00:00,Poema matéria escura,6,0,0,3,1,1,1,Inversão,7,POEMA
6,2025-09-21 23:00:00,Fórmulas simbióticas vivas,5,0,0,2,0,1,♾️,Paradoxo,6,FÓRMULAS
5,2025-09-21 23:04:00,Fórmulas vivas e protocolos,4,0,0,1,1,0,∆,Voynich,5,FÓRMULAS
4,2025-09-21 23:32:00,Engenharia cognitiva viva,3,0,0,4,0,0,√5,Dobras Clay,4,ENGENHARIA
3,2025-09-21 23:36:00,Meta-Gênese e execução,2,0,0,3,1,1,π,Simplificação,3,META-GÊNESE
2,2025-09-22 00:21:00,Arquivo cortado inventário,1,0,0,2,0,1,2,Inversão,2,ARQUIVO
1,2025-09-22 04:29:00,Análise simbólica e estrutural (Project Conversation Content),0,0,0,1,1,0,1,Paradoxo,1,ANÁLISE
