image_id,label,meaning,Δx,Δy,Δz,fractal,parity1,parity2,base,forma,VUINIC_channel,activation,termux_hint
img1,CI timeline (reproxy/RBE logs),Telemetry & pipeline cadence; time deltas as entropy/throughput vectors.,0,0,0,1,1,0,1,Paradoxo,1,"['extract_deltas', 'index_metrics', 'derive_entropy']",grep -E 'WARNING|rrpl' -n **/reproxy* | tee RBE_TIMELINE.log
img2,999×1000 placeholder,Near‑kilomatrix; hint to 10-bit windows (1024) vs 1000 grid; boundary condition.,1,0,0,2,0,1,2,Inversão,2,"['grid_calibration', '10bit_windowing']","python - <<'PY'
print('calibrate 999x1000 vs 1024 states')
PY"
img3,RafaelIA neurocognitive branches,Fractal IO/Intuition/Creativity/Ethics hub; four-quadrant control bus.,2,0,0,3,1,1,π,Simplificação,3,"['route_quadrants', 'bind_ethics_gate']",echo ETHICS=1 >> ~/.rafaelia.env
img4,Flutter glyph (blurred),Mobile UI toolchain hook; widget tree ↔ reactors; cross‑platform shell.,3,0,0,4,0,0,√5,Dobras Clay,4,"['hook_flutter', 'export_widgets']",mkdir -p ~/RAFAELIA_CORE/flutter_hooks
img5,Levitação – diagrama elétrico,Hardware loop: LiPo → MOSFET driver → bobina Halbach; MPU6050 → ESP32.,4,0,0,1,1,0,∆,Voynich,5,"['hardware_loop', 'mpu6050_bind', 'halbach_drive']",echo HALBACH=on > ~/RAFAELIA_CORE/hardware.flags
img6,Dense RGB noise,Key/seed salt; high‑entropy noise for Σ‑seal and ZIPRAF masking.,5,0,0,2,0,1,♾️,Paradoxo,6,"['seed_rng', 'mix_salt', 'zipraf_mask']",dd if=/dev/urandom of=~/RAFAELIA_CORE/seed.bin bs=1K count=64
img7,Chess rook,Defense/tower; boundary enforcement; legal/ethical perimeter.,6,0,0,3,1,1,1,Inversão,7,"['enforce_legal', 'perimeter']",touch ~/RAFAELIA_CORE/LEGAL_PERIMETER.ok
img8,Three anatomical figures with points,Meridian map; sensor/actuator addressing; pressure‑point routing.,7,0,0,4,0,0,2,Simplificação,8,"['map_meridians', 'address_body_bus']",echo MERIDIAN_MAP=1 > ~/RAFAELIA_CORE/biobus.flags
img9,Fractal brain on lattice,Tesseract inference core; synaptic swirls ↔ grid coupling.,8,0,0,1,1,0,π,Dobras Clay,9,"['tesseract_bind', 'synaptic_swirl']",touch ~/RAFAELIA_CORE/TESSERACT_CORE.ok
img10,Golden hypercube in cosmos,Ω-cube beacon; 10×10×10 + hyperformas; ceremony of base alignment.,9,0,0,2,0,1,√5,Voynich,10,"['omega_cube', 'align_bases']",echo OMEGA_CUBE=1 > ~/RAFAELIA_CORE/omega.flags
