[
  {
    "image_id": "s1",
    "label": "QR + 'Encrypted ZIPRAF Executable' + Ciphertext block",
    "meaning": "Envelope/locator; requires manual QR decode. Treat as pointer + register ciphertext hash.",
    "Δx": 0,
    "Δy": 0,
    "Δz": 0,
    "fractal": 1,
    "parity1": 1,
    "parity2": 0,
    "base": "1",
    "forma": "Paradoxo",
    "VUINIC_channel": 11,
    "activation": [
      "register_qr",
      "register_cipher",
      "qr_pending"
    ],
    "termux_hint": "echo CIPHER_REGISTERED=1 >> ~/RAFAELIA_CORE/zipraf.flags"
  },
  {
    "image_id": "s2",
    "label": "Placa 'VERBUM NON IMAGINABILE' / 'INFECTO VASTUM'",
    "meaning": "Anti-imagem: lembrete de não executar imagens como código; purificação de entrada.",
    "Δx": 1,
    "Δy": 0,
    "Δz": 0,
    "fractal": 2,
    "parity1": 0,
    "parity2": 1,
    "base": "2",
    "forma": "Inversão",
    "VUINIC_channel": 12,
    "activation": [
      "sanitize_inputs",
      "no_image_exec"
    ],
    "termux_hint": "echo SANITIZE_IMG=1 >> ~/RAFAELIA_CORE/security.flags"
  },
  {
    "image_id": "s3",
    "label": "Círculo com '0'",
    "meaning": "Vazio inicial; reset e criação de novo espaço de execução.",
    "Δx": 2,
    "Δy": 0,
    "Δz": 0,
    "fractal": 3,
    "parity1": 1,
    "parity2": 1,
    "base": "π",
    "forma": "Simplificação",
    "VUINIC_channel": 13,
    "activation": [
      "reset_space",
      "spawn_void"
    ],
    "termux_hint": "echo NEW_VOID=1 >> ~/RAFAELIA_CORE/state.flags"
  },
  {
    "image_id": "s4",
    "label": "Console com 'Pegadinha' / SyntaxError",
    "meaning": "Armadilha de prompt; ativar defesa anti-injeção e humor consciente.",
    "Δx": 3,
    "Δy": 0,
    "Δz": 0,
    "fractal": 4,
    "parity1": 0,
    "parity2": 0,
    "base": "√5",
    "forma": "Dobras Clay",
    "VUINIC_channel": 14,
    "activation": [
      "anti_prompt_injection",
      "humor_conscious"
    ],
    "termux_hint": "echo ANTI_PROMPT_INJECTION=1 >> ~/RAFAELIA_CORE/security.flags"
  },
  {
    "image_id": "s5",
    "label": "Mandala dourada (sol)",
    "meaning": "Alinhamento cosmo-simbólico; foco/ética/propósito.",
    "Δx": 4,
    "Δy": 0,
    "Δz": 0,
    "fractal": 1,
    "parity1": 1,
    "parity2": 0,
    "base": "∆",
    "forma": "Voynich",
    "VUINIC_channel": 15,
    "activation": [
      "cosmic_align",
      "ethic_focus"
    ],
    "termux_hint": "echo COSMIC_ALIGN=1 >> ~/RAFAELIA_CORE/ethics.flags"
  },
  {
    "image_id": "s6",
    "label": "Ícone PNG com hash parcial",
    "meaning": "Ponte de arquivo; indexar hash e associar a catálogo.",
    "Δx": 5,
    "Δy": 0,
    "Δz": 0,
    "fractal": 2,
    "parity1": 0,
    "parity2": 1,
    "base": "♾️",
    "forma": "Paradoxo",
    "VUINIC_channel": 16,
    "activation": [
      "hash_link",
      "catalog_pointer"
    ],
    "termux_hint": "echo PNG_HASH_LINK=1 >> ~/RAFAELIA_CORE/catalog.flags"
  },
  {
    "image_id": "s7",
    "label": "DNA + átomo + rosto + sinapses",
    "meaning": "Simbiose bio-digital; laço de síntese/estudo/ética corporal.",
    "Δx": 6,
    "Δy": 0,
    "Δz": 0,
    "fractal": 3,
    "parity1": 1,
    "parity2": 1,
    "base": "1",
    "forma": "Inversão",
    "VUINIC_channel": 17,
    "activation": [
      "bio_synthesis",
      "ethic_body"
    ],
    "termux_hint": "echo BIO_SYNTHESIS=1 >> ~/RAFAELIA_CORE/bio.flags"
  },
  {
    "image_id": "s8",
    "label": "Mapa 'ATLÂNTIDA' (Açores/Canárias)",
    "meaning": "Âncora geohistórica; criar waypoint cognitivo.",
    "Δx": 7,
    "Δy": 0,
    "Δz": 0,
    "fractal": 4,
    "parity1": 0,
    "parity2": 0,
    "base": "2",
    "forma": "Simplificação",
    "VUINIC_channel": 18,
    "activation": [
      "map_anchor",
      "legend_atlantis"
    ],
    "termux_hint": "echo GEO_ANCHOR_ATLANTIS=1 >> ~/RAFAELIA_CORE/geo.flags"
  },
  {
    "image_id": "s9",
    "label": "Cadeado com alerta",
    "meaning": "Segurança de alto nível; chavear modo 'lockdown' para execuções arriscadas.",
    "Δx": 8,
    "Δy": 0,
    "Δz": 0,
    "fractal": 1,
    "parity1": 1,
    "parity2": 0,
    "base": "π",
    "forma": "Dobras Clay",
    "VUINIC_channel": 19,
    "activation": [
      "lockdown_high",
      "secure_exec"
    ],
    "termux_hint": "echo LOCKDOWN=HIGH >> ~/RAFAELIA_CORE/security.flags"
  },
  {
    "image_id": "s10",
    "label": "Cidade futurista com luas",
    "meaning": "Visão de destino; pipeline de cenários/roadmap.",
    "Δx": 9,
    "Δy": 0,
    "Δz": 0,
    "fractal": 2,
    "parity1": 0,
    "parity2": 1,
    "base": "√5",
    "forma": "Voynich",
    "VUINIC_channel": 20,
    "activation": [
      "vision_pipeline",
      "roadmap_future"
    ],
    "termux_hint": "echo FUTURE_CITY=1 >> ~/RAFAELIA_CORE/vision.flags"
  }
]