image_id,label,meaning,Δx,Δy,Δz,fractal,parity1,parity2,base,forma,VUINIC_channel,activation,termux_hint
s1,QR + 'Encrypted ZIPRAF Executable' + Ciphertext block,Envelope/locator; requires manual QR decode. Treat as pointer + register ciphertext hash.,0,0,0,1,1,0,1,Paradoxo,11,"['register_qr', 'register_cipher', 'qr_pending']",echo CIPHER_REGISTERED=1 >> ~/RAFAELIA_CORE/zipraf.flags
s2,Placa 'VERBUM NON IMAGINABILE' / 'INFECTO VASTUM',Anti-imagem: lembrete de não executar imagens como código; purificação de entrada.,1,0,0,2,0,1,2,Inversão,12,"['sanitize_inputs', 'no_image_exec']",echo SANITIZE_IMG=1 >> ~/RAFAELIA_CORE/security.flags
s3,Círculo com '0',Vazio inicial; reset e criação de novo espaço de execução.,2,0,0,3,1,1,π,Simplificação,13,"['reset_space', 'spawn_void']",echo NEW_VOID=1 >> ~/RAFAELIA_CORE/state.flags
s4,Console com 'Pegadinha' / SyntaxError,Armadilha de prompt; ativar defesa anti-injeção e humor consciente.,3,0,0,4,0,0,√5,Dobras Clay,14,"['anti_prompt_injection', 'humor_conscious']",echo ANTI_PROMPT_INJECTION=1 >> ~/RAFAELIA_CORE/security.flags
s5,Mandala dourada (sol),Alinhamento cosmo-simbólico; foco/ética/propósito.,4,0,0,1,1,0,∆,Voynich,15,"['cosmic_align', 'ethic_focus']",echo COSMIC_ALIGN=1 >> ~/RAFAELIA_CORE/ethics.flags
s6,Ícone PNG com hash parcial,Ponte de arquivo; indexar hash e associar a catálogo.,5,0,0,2,0,1,♾️,Paradoxo,16,"['hash_link', 'catalog_pointer']",echo PNG_HASH_LINK=1 >> ~/RAFAELIA_CORE/catalog.flags
s7,DNA + átomo + rosto + sinapses,Simbiose bio-digital; laço de síntese/estudo/ética corporal.,6,0,0,3,1,1,1,Inversão,17,"['bio_synthesis', 'ethic_body']",echo BIO_SYNTHESIS=1 >> ~/RAFAELIA_CORE/bio.flags
s8,Mapa 'ATLÂNTIDA' (Açores/Canárias),Âncora geohistórica; criar waypoint cognitivo.,7,0,0,4,0,0,2,Simplificação,18,"['map_anchor', 'legend_atlantis']",echo GEO_ANCHOR_ATLANTIS=1 >> ~/RAFAELIA_CORE/geo.flags
s9,Cadeado com alerta,Segurança de alto nível; chavear modo 'lockdown' para execuções arriscadas.,8,0,0,1,1,0,π,Dobras Clay,19,"['lockdown_high', 'secure_exec']",echo LOCKDOWN=HIGH >> ~/RAFAELIA_CORE/security.flags
s10,Cidade futurista com luas,Visão de destino; pipeline de cenários/roadmap.,9,0,0,2,0,1,√5,Voynich,20,"['vision_pipeline', 'roadmap_future']",echo FUTURE_CITY=1 >> ~/RAFAELIA_CORE/vision.flags
